Name,Position,Institution,SubInstitution,Education,Other Affiliation,page,Contact,Notes,AffiliationId,FullName,carnegie_id,PrimarySample,FixedPosition
Charles M. Royce,Fellow,Brown University,,Brown U 1961 AB; Columbia 1963 MBA,"President and Co-Chief Investment Officer, Royce & Associates, LLC",161.0,,,27804330.0,Brown University,217156.0,True,Trustee
Dr. Maria T. Zuber,Fellow,Brown University,,Brown U 1986 PhD,,161.0,,,27804330.0,Brown University,217156.0,True,Trustee
Peter S. Voss,Fellow,Brown University,,Brown U 1968 BA,"Chairman, IXIS Asset Management US Group, LP",161.0,,,27804330.0,Brown University,217156.0,True,Trustee
Dr. Ruth J. Simmons,Fellow,Brown University,,Dillard 1967 BA: Harvard 1970 AM. 1973 PhD,,161.0,,,27804330.0,Brown University,217156.0,True,Trustee
Stephen Robert,Fellow,Brown University,,Brown U 1962 AB,"Chairman, Robert Capital Management, LLC",161.0,,,27804330.0,Brown University,217156.0,True,Trustee
Jonathan Milton Nelson,Fellow,Brown University,,,"Chief Executive Officer, Providence Equity Partners LLC",161.0,,,27804330.0,Brown University,217156.0,True,Trustee
Theresia Gouw,Fellow,Brown University,,,"Partner, Accel Partners",161.0,,,27804330.0,Brown University,217156.0,True,Trustee
Matthew J. Mallow,Fellow,Brown University,,Brown U 1964 AB: NYU 1967 LLB. 1968 LLM,,161.0,,,27804330.0,Brown University,217156.0,True,Trustee
Robin A. Lenhardt,Fellow,Brown University,,,,161.0,,,27804330.0,Brown University,217156.0,True,Trustee
Donald C. Hood,Fellow,Brown University,,,"James F. Bender Professor in Psychology, Columbia College",161.0,,,27804330.0,Brown University,217156.0,True,Trustee
Rabbi Laura Geller,Fellow,Brown University,,,,161.0,,,27804330.0,Brown University,217156.0,True,Trustee
Dr. Mark S. Blumenkranz,Fellow,Brown University,,,,161.0,,,27804330.0,Brown University,217156.0,True,Trustee
Samuel M. Mencoff,Fellow,Brown University,,Brown U 1978 AB: Harvard 1981 MBA,,161.0,,,27804330.0,Brown University,217156.0,True,Trustee
"George Ullman, Jr",Regent,California Lutheran University,,,"President, Ullman Bros. Land and Cattle Company",166.0,,,176611909.0,California Lutheran University,110413.0,False,Member
Shawn Howie,Regent,California Lutheran University,,Harvard MBA,,166.0,,,176611909.0,California Lutheran University,110413.0,False,Member
Jon Irwin,Regent,California Lutheran University,,,"President and Chief Executive Officer, Rhapsody International Inc",166.0,,,176611909.0,California Lutheran University,110413.0,False,Member
Joan R. Young,Regent,California Lutheran University,,,,166.0,,,176611909.0,California Lutheran University,110413.0,False,Member
"Timothy H. ""Tim"" Wennes",Regent,California Lutheran University,,USC BS; Cal State (Fullerton) 1996 MBA,,166.0,,,176611909.0,California Lutheran University,110413.0,False,Member
David L. Tiede,Regent,California Lutheran University,,St Olaf 1962 BA; Luther Sem 1966 BD; Harvard 1971 PhD,"President, Luther Seminary",166.0,,,176611909.0,California Lutheran University,110413.0,False,Member
Chris Kimball,Regent,California Lutheran University,,,,166.0,,,176611909.0,California Lutheran University,110413.0,False,Member
GayLyn Talbot,Regent,California Lutheran University,,,"Creative Director, Talbot Design Group, Inc",166.0,,,176611909.0,California Lutheran University,110413.0,False,Member
"James ""Jim"" Swenson",Regent,California Lutheran University,,,"Founder, Swenson Family Foundation",166.0,,,176611909.0,California Lutheran University,110413.0,False,Member
Deborah Sweeney,Regent,California Lutheran University,,,,166.0,,,176611909.0,California Lutheran University,110413.0,False,Member
Mark A. Stegemoeller,Regent,California Lutheran University,,Wharton 1975 BS; Minnesota 1976 MBA; Northwestern 1982 JD,"Partner, Corporate Department, Latham & Watkins LLP",166.0,,,176611909.0,California Lutheran University,110413.0,False,Member
Jim Overton,Regent,California Lutheran University,,,"Principal Product Consultant, Oracle Corporation",166.0,,,176611909.0,California Lutheran University,110413.0,False,Member
Randall Foster,Regent,California Lutheran University,,,"Vice President, Women's and Children's Mental Health and Rehabilitation. Cedars-Sinai Medical Center",166.0,,,176611909.0,California Lutheran University,110413.0,False,Member
Stephanie Taylor-Dinwiddie,Regent,California Lutheran University,,,"Assistant Clinical Professor, Department of Pediatries, University of Southern California",166.0,,,176611909.0,California Lutheran University,110413.0,False,Member
Rev. Julia Fogg,Faculty Regent,California Lutheran University,,"Colgate 1992 BA; Yale 1996 MDiv; Emory ThM, 2006 PhD",,166.0,,,176611909.0,California Lutheran University,110413.0,False,Member
Rod Gilbert,Chair,California Lutheran University,,,"President, TOLD Corporation",166.0,,,176611909.0,California Lutheran University,110413.0,False,Board President
Sue Chen,Regent,California Lutheran University,,,"President and Chief Executive Officer, Nova Ortho-Med Inc",166.0,,,176611909.0,California Lutheran University,110413.0,False,Member
"Dennis Erickson, PhD",Vice Chair,California Lutheran University,,,"Physicist, Los Alamos National Library",166.0,,,176611909.0,California Lutheran University,110413.0,False,Board Vice President
Sasan Nikoomanesh,Regent,California Lutheran University,,Cal Lutheran U 1999 MBA,"Financial Advisor, Merrill Lynch & Co., Inc",166.0,,,176611909.0,California Lutheran University,110413.0,False,Member
Ron McDaniel,Regent,California Lutheran University,,,"President and Chief Executive Officer, California Credit Union",166.0,,,176611909.0,California Lutheran University,110413.0,False,Member
Susan Lundeen-Smuck,Regent,California Lutheran University,,,"President and Chief Executive Officer, California Credit Union",166.0,,,176611909.0,California Lutheran University,110413.0,False,Member
Jill Lederer,Regent,California Lutheran University,,,"President and Chief Executive Officer, Greater Conejo Valley Chamber of Commerce",166.0,,,176611909.0,California Lutheran University,110413.0,False,Member
John Larisey,Regent,California Lutheran University,,Cal Lutheran U 2010 m,,166.0,,,176611909.0,California Lutheran University,110413.0,False,Member
Rev. Dean W. Nelson,Regent,California Lutheran University,"Bishops, Evangelical Lutheran Church in America",,"Bishop, Southern California West Synod, Bishops",166.0,,,176611909.0,California Lutheran University,110413.0,False,Member
Rev. Frank Nausin,Regent,California Lutheran University,,Cal Lutheran U 1970 BA; Pacific Lutheran Sem MDiv,"Senior Pastor, Holy Trinity Lutheran Church",166.0,,,176611909.0,California Lutheran University,110413.0,False,Member
William Krantz,Regent,California Lutheran University,,,"Principal. Boston Partners Asset Management, L.P",166.0,,,176611909.0,California Lutheran University,110413.0,False,Member
Karen Olson Onno,Regent,California Lutheran University,,Cal Lutheran Col 1983 BS; Loyola Col (MD) MBA,"Chief Executive Officer, BioMarker Strategies wO",166.0,,,176611909.0,California Lutheran University,110413.0,False,Member
Karen Bornemann Spies,Regent,California Lutheran University,,Cal Lutheran U 1970,"Partner, Corporate Department, Latham & Watkins LLP",166.0,,,176611909.0,California Lutheran University,110413.0,False,Member
Glen T. Becerra,Regent,California Lutheran University,,,"Regional Manager, Public Affairs, Southern California Edison Company",166.0,,,176611909.0,California Lutheran University,110413.0,False,Member
Wallace Brohaugh,Regent,California Lutheran University,,,"Financial Planner, Ameriprise Financial, Inc",166.0,,,176611909.0,California Lutheran University,110413.0,False,Member
Rebecca Cardone,Student Regent,California Lutheran University,,,,166.0,,,176611909.0,California Lutheran University,110413.0,False,Other Board Member
Ted Jensen,Regent,California Lutheran University,,,,166.0,,,176611909.0,California Lutheran University,110413.0,False,Member
Robert L. Peeler,Vice Chair,Clemson University,,,,214.0,,,8078737.0,Clemson University,217882.0,True,Board Vice President
Ellison Smyth McKissick III,Trustee,Clemson University,,Clemson BS; South Carolina MBA,"President and Treasurer, Alice Manufacturing Company, Inc",214.0,,,8078737.0,Clemson University,217882.0,True,Member
Joseph D. Swann,Trustee,Clemson University,,Clemson; Case Western 1969 MBA,"President, Rockwell Automation Power Systems, Rockwell Automation, Inc",214.0,,,8078737.0,Clemson University,217882.0,True,Member
"William C. Smith, Jr.",Trustee,Clemson University,,Clemson 1982 BS,"Chief Executive Officer, Red Rock Developments",214.0,,,8078737.0,Clemson University,217882.0,True,Member
"Leon J. ""Bill"" Hendrix, Jr",Trustee,Clemson University,,Clemson 1976 BS; North Carolina MS Medical U (SC) 1988 DMD,,214.0,,,8078737.0,Clemson University,217882.0,True,Member
Kim Wilkerson,Trustee,Clemson University,,,"President, Bank of America South Carolina, Bank of America Corporation",214.0,,,8078737.0,Clemson University,217882.0,True,Member
Patricia Herring McAbee,Trustee,Clemson University,,,"Vice President, Custom Development Solutions",214.0,,,8078737.0,Clemson University,217882.0,True,Member
Louis B. Lynn,Trustee,Clemson University,,,"President. ENVIRO AgScience, Inc",214.0,,,8078737.0,Clemson University,217882.0,True,Member
David E. Dukes,Trustee,Clemson University,,Clemson 1981 BS: South Carolina 1984 JD,,214.0,,,8078737.0,Clemson University,217882.0,True,Member
Bill L. Amick,Trustee,Clemson University,,,"Chairman and Chief Executive Officer, Amick Processing, Inc",214.0,,,8078737.0,Clemson University,217882.0,True,Member
"John N. ""Nicky"" McCarter, Jr.",Trustee,Clemson University,,,"President, Defender Services, Inc",214.0,,,8078737.0,Clemson University,217882.0,True,Member
Todd B. Sisitsky,Overseer,Dartmouth College,,Dartmouth 1993; Stanford MBA,"Partner, TPG Capital, L.P",233.0,,,107672454.0,Dartmouth College,182670.0,True,Trustee
Sue Lynch,Overseer,Dartmouth College,,,,233.0,,,107672454.0,Dartmouth College,182670.0,True,Trustee
"Dr. Holly S. Andersen, MD",Overseer,Dartmouth College,,Dartmouth 1985 BS: Rochester MD,,232.0,,,107672454.0,Dartmouth College,182670.0,True,Trustee
Douglas E. Williamson,Overseer,Dartmouth College,,,,233.0,,,107672454.0,Dartmouth College,182670.0,True,Trustee
Robert L. Thurer,Overseer,Dartmouth College,,"Dartmouth 1967, 1968; Harvard 1970 MD","Chief Academic Officer, Dubai HealthCare City",233.0,,,107672454.0,Dartmouth College,182670.0,True,Trustee
Barbara J. Couch,Overseer,Dartmouth College,,Dartmouth 1977 MA: Muskingum Col LHD,,232.0,,,107672454.0,Dartmouth College,182670.0,True,Trustee
"Peter L. Slavin, MD",Overseer,Dartmouth College,,"Harvard 1979 AB, 1984 MD, 1990 MBA","President, Massachusetts General Hospital",233.0,,,107672454.0,Dartmouth College,182670.0,True,Trustee
Thomas A. Scully,Overseer,Dartmouth College,,Virginia 1979 BA; Columbus Law 1986 JD,"Senior Counsel, Washington, DC Office, Alston & Bird LLP",233.0,,,107672454.0,Dartmouth College,182670.0,True,Trustee
"Norman C. Payson, MD",Overseer,Dartmouth College,,MIT 1970 BS; Dartmouth 1973 MD,"Executive Chairman and Chief Executive Officer, Apria Healthcare Group Inc",233.0,,,107672454.0,Dartmouth College,182670.0,True,Trustee
Renee M. Landers,Overseer,Dartmouth College,,Radcliffe 1977 AB; Boston College 1985 JD,"Professor of Law, Suffolk University Law School",233.0,,,107672454.0,Dartmouth College,182670.0,True,Trustee
Bonnie Ann Henderson,Overseer,Dartmouth College,,Dartmouth 1993 MD,,233.0,,,107672454.0,Dartmouth College,182670.0,True,Trustee
William W. Helman IV,Chairman,Dartmouth College,,Dartmouth 1980 AB; Harvard 1984 MBA,"Partner, Greylock Partners",233.0,,,107672454.0,Dartmouth College,182670.0,True,Board President
"Dr. Steven Gillis, PhD",Overseer,Dartmouth College,,Williams 1975 BA: Dartmouth 1978 PhD,"Managing Director, ARCH Venture Partners. L.PTel: (773) 380-6600",232.0,,,107672454.0,Dartmouth College,182670.0,True,Trustee
Dr. Freddie H. Fu,Overseer,Dartmouth College,,"Dartmouth 1974 AB, 1975 BM; Pittsburgh 1977 MD","Professor and Chairman, Orthopedic Surgery, School of Medicine, University of Pittsburgh Pittsburgh. PA 15260",232.0,,,107672454.0,Dartmouth College,182670.0,True,Trustee
John L. Steffens,Overseer,Dartmouth College,,,,233.0,,,107672454.0,Dartmouth College,182670.0,True,Trustee
Susan G. Dentzer,Overseer,Dartmouth College,,Dartmouth 1977 AB. 1980 MD,"Principal Investigator, Excimer laser Study for Corneal Disease, Manhattan Eye. Ear and Throat Hospital",232.0,,,107672454.0,Dartmouth College,182670.0,True,Trustee
"Ross A. Jaffe, MD",Overseer,Dartmouth College,,Dartmouth 1980 BA; Johns Hopkins 1985 MD; Stanford MBA,"Managing Director, Versant Ventures",233.0,,,107672454.0,Dartmouth College,182670.0,True,Trustee
Sandra Goldfarb,Overseer,Emerson College,,,,249.0,,,87650153.0,Emerson College,165662.0,False,Trustee
Eric Alexander,Overseer,Emerson College,,,,,,,87650153.0,Emerson College,165662.0,False,Trustee
Daniel H. Black,Chair,Emerson College,,,,249.0,,,87650153.0,Emerson College,165662.0,False,Board President
Bonnie A. Comley,Overseer,Emerson College,,,,249.0,,,87650153.0,Emerson College,165662.0,False,Trustee
Mark A. Donovan,Overseer,Emerson College,,,,249.0,,,87650153.0,Emerson College,165662.0,False,Trustee
Jan E. Jacobs Greenhawt,Overseer,Emerson College,,,,249.0,,,87650153.0,Emerson College,165662.0,False,Trustee
Lisa Gregorian,Overseer,Emerson College,,,"Executive Vice President and Chief Marketing Officer, Warner Bros. Television Group, Warner Bros. Entertainment Inc4000 Warner Boulevard, Burbank, CA 91522 Tel: (818) 954-6000",249.0,,,87650153.0,Emerson College,165662.0,False,Trustee
Michelle Keating,Overseer,Emerson College,,,,249.0,,,87650153.0,Emerson College,165662.0,False,Trustee
Gary A. Krantz,Overseer,Emerson College,,,,249.0,,,87650153.0,Emerson College,165662.0,False,Trustee
"G. Michael Mara, Jr",Overseer,Emerson College,,Emerson 1984 BS,,249.0,,,87650153.0,Emerson College,165662.0,False,Trustee
Winthrop L. McCormack,Overseer,Emerson College,,,,,,,87650153.0,Emerson College,165662.0,False,Trustee
Janet Scardino,Overseer,Emerson College,,,,250.0,,,87650153.0,Emerson College,165662.0,False,Trustee
Michael Rogers,Overseer,Emerson College,,,,250.0,,,87650153.0,Emerson College,165662.0,False,Trustee
Colette A.M. Phillips,Overseer,Emerson College,,Emerson 1981 BS,,250.0,,,87650153.0,Emerson College,165662.0,False,Trustee
Mike Vaslinda,Overseer,Emerson College,,,,250.0,,,87650153.0,Emerson College,165662.0,False,Trustee
Mary Sweig Wilson,Overseer,Emerson College,,,,250.0,,,87650153.0,Emerson College,165662.0,False,Trustee
"Donald ""Don"" Spetner",Vice Chair,Emerson College,,NYU 1983 BA,,250.0,,,87650153.0,Emerson College,165662.0,False,Board Vice President
Michael MacWade,Overseer,Emerson College,,,,,,,87650153.0,Emerson College,165662.0,False,Trustee
"Rev. Michael J. Graham, S.J",Trustee,Gonzaga University,,Cornell Col 1975 BSS; Michigan 1977 MA 1983 PhD; Weston Theology 1988 MDiv,"President, Xavier University",268.0,,,119888943.0,Gonzaga University,235316.0,False,Regent
"Anthony ""Tony"" Bonanzino",Trustee,Gonzaga University,,,"President/Chief Executive Officer. Hollister-Stier Laboratories, LLC",268.0,,,119888943.0,Gonzaga University,235316.0,False,Regent
Theresa Gee,Trustee,Gonzaga University,,,,268.0,,,119888943.0,Gonzaga University,235316.0,False,Regent
Edward Taylor,Trustee,Gonzaga University,,,,269.0,,,119888943.0,Gonzaga University,235316.0,False,Regent
"Rev. John P. Fitzgibbons, S.J",Trustee,Gonzaga University,,Saint Louis U BA; Chicago MA; Weston Theology MDiv; Jesuit Berkeley STM; Loyola U (Chicago) PhD,"President, Regis University",268.0,,,119888943.0,Gonzaga University,235316.0,False,Regent
Gerri Craves,Trustee,Gonzaga University,,,,268.0,,,119888943.0,Gonzaga University,235316.0,False,Regent
John J. Luger,Chairman,Gonzaga University,,,,268.0,,,119888943.0,Gonzaga University,235316.0,False,Board President
Fred A. Brown,Trustee,Gonzaga University,,,,268.0,,,119888943.0,Gonzaga University,235316.0,False,Regent
"Dr. Andrew C. Agwunobi, MD",Trustee,Gonzaga University,,U Jos (Nigeria) MD; Stanford MBA,"Secretary, Health Care Administration Agency, State of Florida",268.0,,,119888943.0,Gonzaga University,235316.0,False,Regent
Timothy Barnard,Trustee,Gonzaga University,,,,268.0,,,119888943.0,Gonzaga University,235316.0,False,Regent
Robert H. Tomlinson,Trustee,Gonzaga University,,,,269.0,,,119888943.0,Gonzaga University,235316.0,False,Regent
Paul W. Brajcich,Trustee,Gonzaga University,,,,268.0,,,119888943.0,Gonzaga University,235316.0,False,Regent
John Hemmingson,Trustee,Gonzaga University,,,"Founder and Chairman, Lakeside Capital Group, Lic",268.0,,,119888943.0,Gonzaga University,235316.0,False,Regent
"Timothy Clancy, S.J",Trustee,Gonzaga University,,,,268.0,,,119888943.0,Gonzaga University,235316.0,False,Regent
"Rev. Stephen Kuder, S.J",Trustee,Gonzaga University,,,,268.0,,,119888943.0,Gonzaga University,235316.0,False,Regent
Kathleen Magnuson Sheppard,Trustee,Gonzaga University,,,,268.0,,,119888943.0,Gonzaga University,235316.0,False,Regent
Rita Illig Liebelt,Trustee,Gonzaga University,,,,268.0,,,119888943.0,Gonzaga University,235316.0,False,Regent
"David J. Leigh, S.J.",Trustee,Gonzaga University,,,,268.0,,,119888943.0,Gonzaga University,235316.0,False,Regent
Philip G. McCarthey,Trustee,Gonzaga University,,,,268.0,,,119888943.0,Gonzaga University,235316.0,False,Regent
Dr. Thayne M. McCulloh,Trustee,Gonzaga University,,,,268.0,,,119888943.0,Gonzaga University,235316.0,False,Regent
"Rev. John P. McGarry, S.J",Trustee,Gonzaga University,,,,268.0,,,119888943.0,Gonzaga University,235316.0,False,Regent
Peter F. Stanton,Trustee,Gonzaga University,,,"Chief Executive Officer, Washington Trust Bank",268.0,,,119888943.0,Gonzaga University,235316.0,False,Regent
"Joseph S. Rossi, S.J",Trustee,Gonzaga University,,,,268.0,,,119888943.0,Gonzaga University,235316.0,False,Regent
Kevin McQuilkin,Trustee,Gonzaga University,,Gonzaga BBA; Kellogg MBA,"Managing Director, Mergers and Acquisitions [Industrial Mergers and Acquisitions], Wells Fargo Securities, al LLC",268.0,,,119888943.0,Gonzaga University,235316.0,False,Regent
"Edward Reese, S.J.",Trustee,Gonzaga University,,,,268.0,,,119888943.0,Gonzaga University,235316.0,False,Regent
Michael A. Patterson,Trustee,Gonzaga University,,,,268.0,,,119888943.0,Gonzaga University,235316.0,False,Regent
Donald P. Nelles,Trustee,Gonzaga University,,,,268.0,,,119888943.0,Gonzaga University,235316.0,False,Regent
"John ""Jack"" McCann",Trustee,Gonzaga University,,,,268.0,,,119888943.0,Gonzaga University,235316.0,False,Regent
Shannon McCambridge,Trustee,Gonzaga University,,,,268.0,,,119888943.0,Gonzaga University,235316.0,False,Regent
Scott L. Morris,Trustee,Gonzaga University,,"Gonzaga 1980 BA, 1990 MA",,268.0,,,119888943.0,Gonzaga University,235316.0,False,Regent
Joseph J. O'Donnell,Fellow,Harvard University,,"Harvard 1967 AB, 1971 MBA","Owner and Chairman, Boston Concessions Group, Inc",276.0,,,136199984.0,Harvard University,166027.0,True,Overseer
"Theodore V. Wells, Jr",Fellow,Harvard University,,Col Holy Cross 1972 BA; Harvard 1976 MBA1976 JD,"Co-Chair, Litigation, Paul, Weiss, Rifkind, Wharton & Garrison LLP",276.0,,,136199984.0,Harvard University,166027.0,True,Overseer
Robert E. Rubin,Fellow,Harvard University,,Harvard 1960 AB; Yale 1964 LLB: London School Econ (UK),"Special Advisor, Tinicum Capital Partners, L.P. 185",276.0,,,136199984.0,Harvard University,166027.0,True,Overseer
James r. Rothenberg,Fellow,Harvard University,,,"Chairman, Capital Research & Management Company",276.0,,,136199984.0,Harvard University,166027.0,True,Overseer
Robert D. Reischauer,Senior Fellow,Harvard University,,Harvard 1963 AB; Columbia 1966 MIA. 1971 PhD,,276.0,,,136199984.0,Harvard University,166027.0,True,Overseer
"Dr. Drew Gilpin Faust, PhD",Fellow,Harvard University,,,,276.0,,,136199984.0,Harvard University,166027.0,True,Overseer
Nannerl Overholser Keohane,Fellow,Harvard University,,"Wellesley 1961 BA; Oxford (UK) 1963 BA, MA: Yale 1967 PhD","Laurance S. Rockefeller Distinguished Visiting Professor of Public Affairs and the University Center for Human Values, Woodrow Wilson School of Public and International Affairs, Princeton University",276.0,,,136199984.0,Harvard University,166027.0,True,Overseer
Dr. Jessica Tuchman Mathews,Fellow,Harvard University,,Radcliffe 1967 BS; Caltech 1973 PhD,"President, Carnegie Endowment for International Peace",276.0,,,136199984.0,Harvard University,166027.0,True,Overseer
William F. Lee,Fellow,Harvard University,,"Harvard 1972 AB; Cornell 1976 JD, 1976 MBA",,276.0,,,136199984.0,Harvard University,166027.0,True,Overseer
Patricia A. King,Fellow,Harvard University,,Wheaton (MA) 1963; Harvard 1969 JD,"Carmack Waterhouse Professor of Law, Medicine, Ethics, and Public Policy, The Law Center, Georgetown University",276.0,,,136199984.0,Harvard University,166027.0,True,Overseer
Susan L. Graham,Fellow,Harvard University,,Harvard 1964 AB; Stanford 1966 MS. 1971 PhD,"Pehong Chen Distinguished Professor of Electrical Engineering and Computer Science, Department of Electrical Engineering and Computer Sciences, College of Engineering, University of California, Berkeley",276.0,,,136199984.0,Harvard University,166027.0,True,Overseer
James r. Rothenberg,Treasurer,Harvard University,,,"Chairman, Capital Research & Management Company",276.0,,,136199984.0,Harvard University,166027.0,True,Other Board Member
Paul J. Finnegan,Fellow,Harvard University,,,"Co-Chief Executive Officer, Madison Dearborn Partners, LLC",276.0,,,136199984.0,Harvard University,166027.0,True,Overseer
Maurice C. Durbin,Regent,Louisiana State University System,,LSU BS. MEd,,318.0,,,107341208.0,Louisiana State University System,,False,Member
Donna Guinn Klein,Regent,Louisiana State University System,,Loyola U (New Orleans) 1978 BS: Tulane 1981 iD,,318.0,,,107341208.0,Louisiana State University System,,False,Member
Dr. Albert D. Sam II,Regent,Louisiana State University System,,Morehouse Col BS: Duke MD; Illinois (Chicago) MS;Tulane MMM,"Chief of Vascular Surgery, Baton Rouge GeneralMedical Center8585 Picardy Avenue, Baton Rouge, LA 70809 (Bluebonnet)Tel: (225) 763-4000",318.0,,,107341208.0,Louisiana State University System,,False,Member
"William Clinton ""Bubba"" Rasberry, Jr.",Regent,Louisiana State University System,,Vanderbilt BA: LSU,,318.0,,,107341208.0,Louisiana State University System,,False,Member
Roy O. Martin III,Regent,Louisiana State University System,,LSU 1982 BSME. 1985 MBA,"President, Roy O. Martin Lumber ManagementL.L.C2189 Memorial Drive, Alexandria, LA 71301Tel: (318) 448-0405",318.0,,,107341208.0,Louisiana State University System,,False,Member
Robert W. Levy,Chairman,Louisiana State University System,,Nicholls State 1970: LSU 1974,,318.0,,,107341208.0,Louisiana State University System,,False,Board President
Matthew L. Jewell,Student Regent,Louisiana State University System,,,,318.0,,,107341208.0,Louisiana State University System,,False,Other Board Member
Robert J. Bruno,Regent,Louisiana State University System,,LSU 1980 BA: Tulane JD,"Attorney, Bruno & Bruno855 Baronne Street, New Orleans, LA 70113Tel: (504) 525-1335",318.0,,,107341208.0,Louisiana State University System,,False,Member
"William H. ""Bill"" Fenstermaker",Regent,Louisiana State University System,,Louisiana (Lafayette),"Chairman and Chief Executive Officer. C. HFenstermaker & Associates, Inc135 Regency Square, Lafayette, LA 70508*Tel: (337) 237-2200",318.0,,,107341208.0,Louisiana State University System,,False,Member
Chris D. Gorman,Regent,Louisiana State University System,,North Texas BAAS,,318.0,,,107341208.0,Louisiana State University System,,False,Member
"Harold M. Stokes, US (Ret)",Regent,Louisiana State University System,,UC Irvine,,318.0,,,107341208.0,Louisiana State University System,,False,Member
Joseph P. Farr,Regent,Louisiana State University System,,Louisiana (Monroe) 1975 BB,,318.0,,,107341208.0,Louisiana State University System,,False,Member
Charlotte Bollinger,Vice Chairman,Louisiana State University System,,Southwestern Louisiana BA,,318.0,,,107341208.0,Louisiana State University System,,False,Board Vice President
Mark T. Abraham,Regent,Louisiana State University System,,,,318.0,,,107341208.0,Louisiana State University System,,False,Member
Raymond J. Brandt,Regent,Louisiana State University System,,,"Chairman, Louisiana Motor Vehicle CommissionState of Louisiana3017 12th Street, Metairie, LA 70002Tel: (504) 837-2088",318.0,,,107341208.0,Louisiana State University System,,False,Member
Edward A. Landry,Trustee,Loyola Marymount University,,LSU 1961 BA; UCLA 1964 JD,"Partner, Executive Committee, Musick, Peeler & Garrett LLP One Wilshire Boulevard, Suite 2000, Los Angeles, CA 90017-3321 Tel: (213) 629-7657",320.0,,,35566140.0,Loyola Marymount University,117946.0,True,Regent
"Rev. Daniel K. Lahart, S.J.",Trustee,Loyola Marymount University,,Georgetown 1983 BSBA; Weston Theology 1993 MDiv; Boston Col 1994 MEd; Stanford 1996 MBA,,320.0,,,35566140.0,Loyola Marymount University,117946.0,True,Regent
Joseph M. Knott,Trustee,Loyola Marymount University,,Loyola Marymount 1974,,320.0,,,35566140.0,Loyola Marymount University,117946.0,True,Regent
Paul W. Mikos,Vice Chair,Loyola Marymount University,,Loyola Marymount 1966,,320.0,,,35566140.0,Loyola Marymount University,117946.0,True,Board Vice President
"Dr. Edison K, Miyawaki, MD",Trustee,Loyola Marymount University,,,,320.0,,,35566140.0,Loyola Marymount University,117946.0,True,Regent
"William H. Muller, S.J",Trustee,Loyola Marymount University,,,,320.0,,,35566140.0,Loyola Marymount University,117946.0,True,Regent
Timothy G. Psomas,Trustee,Loyola Marymount University,,Loyola Marymount 1962 BS,,320.0,,,35566140.0,Loyola Marymount University,117946.0,True,Regent
"Dr. Robert J. Sclabassi, MD",Trustee,Loyola Marymount University,,Loyola Marymount 1962,,320.0,,,35566140.0,Loyola Marymount University,117946.0,True,Regent
Renata C. Smith Simril,Trustee,Loyola Marymount University,,Loyola Marymount 1993,,320.0,,,35566140.0,Loyola Marymount University,117946.0,True,Regent
Walter F. Ulloa,Trustee,Loyola Marymount University,,USC: Loyola Marymount 1975 JD,,320.0,,,35566140.0,Loyola Marymount University,117946.0,True,Regent
Rosemary L. Turner,Trustee,Loyola Marymount University,,Lovola Marymount 1984,,320.0,,,35566140.0,Loyola Marymount University,117946.0,True,Regent
Deborah H. Lanni,Trustee,Loyola Marymount University,,,,320.0,,,35566140.0,Loyola Marymount University,117946.0,True,Regent
Paul S. Viviano,Trustee,Loyola Marymount University,,UCLA MPA,,320.0,,,35566140.0,Loyola Marymount University,117946.0,True,Regent
"Rev. Bobert T. Walsh, S.J",Trustee,Loyola Marymount University,,,,320.0,,,35566140.0,Loyola Marymount University,117946.0,True,Regent
Laura D. Williamsonaleb,Trustee,Loyola Marymount University,,Loyola Marymount 1974,,320.0,,,35566140.0,Loyola Marymount University,117946.0,True,Regent
"David J. ""Dave"" Zuercher",Trustee,Loyola Marymount University,,Loyola Marymount 1968,,320.0,,,35566140.0,Loyola Marymount University,117946.0,True,Regent
"Cecilia A. Magladry, CSJ",Trustee,Loyola Marymount University,,,,320.0,,,35566140.0,Loyola Marymount University,117946.0,True,Regent
"Michael C. McCarthy, S.J",Trustee,Loyola Marymount University,,Santa Clara U 1987 BA; Oxford (UK) MA; Jesuit Berkeley 1997 MDiv; Notre Dame 2003 PhD,"Executive Director. Ignatian Center for Jesuit Education, Santa Clara University 500 El Camino Real, Santa Clara, CA 95053-0001 Tel: (408) 554-4000",320.0,,,35566140.0,Loyola Marymount University,117946.0,True,Regent
Michael R. Steed,Trustee,Loyola Marymount University,,Loyola Marymount 1971,,320.0,,,35566140.0,Loyola Marymount University,117946.0,True,Regent
Michael A. Lawson,Trustee,Loyola Marymount University,,Loyola Marymount 1975 BA; Harvard 1978 JD,,320.0,,,35566140.0,Loyola Marymount University,117946.0,True,Regent
Gregory J. O'Meara,Trustee,Loyola Marymount University,,,,320.0,,,35566140.0,Loyola Marymount University,117946.0,True,Regent
Markos I. Tambakeras,Trustee,Loyola Marymount University,,U Witwatersrand 1975 BS; Loyola Marymount 1978 MBA,"Chairman, President and Chief Executive Officer, Kennametal Inc. (2002-2005)",320.0,,,35566140.0,Loyola Marymount University,117946.0,True,Regent
"Dr. Gerdenio M. ""Sonny"" Manuel, S.J.",Trustee,Loyola Marymount University,,U San Francisco 1971 BA; Jesuit Berkeley 1978 MDiv; Duke 1985 PhD,,320.0,,,35566140.0,Loyola Marymount University,117946.0,True,Regent
William Howard Ahmanson,Trustee,Loyola Marymount University,,,"President, The Ahmanson Foundation",319.0,,,35566140.0,Loyola Marymount University,117946.0,True,Regent
Kathleen Hannon Aikenhead,Chair,Loyola Marymount University,,Bucknell BS,,319.0,,,35566140.0,Loyola Marymount University,117946.0,True,Board President
"Sister Rita Arthur, RSHM, PhD",Trustee,Loyola Marymount University,,,,319.0,,,35566140.0,Loyola Marymount University,117946.0,True,Regent
Robert C. Baker,Trustee,Loyola Marymount University,,Yale 1956 BA. 1959 LLB,,319.0,,,35566140.0,Loyola Marymount University,117946.0,True,Regent
James R. Belardi,Trustee,Loyola Marymount University,,Stanford 1979 BA: UCLA 1981 MBA,,319.0,,,35566140.0,Loyola Marymount University,117946.0,True,Regent
"Gerald R. Blaszczak, S.J",Trustee,Loyola Marymount University,,Fordham BA: Harvard 1983 PhD,,319.0,,,35566140.0,Loyola Marymount University,117946.0,True,Regent
Alex Martin Chaves,Trustee,Loyola Marymount University,,Loyola Marymount 1986,,319.0,,,35566140.0,Loyola Marymount University,117946.0,True,Regent
Frederick B. Craves,Trustee,Loyola Marymount University,,Georgetown 1967 BS: UC San Francisco PhD,,319.0,,,35566140.0,Loyola Marymount University,117946.0,True,Regent
David W. Burcham,Trustee,Loyola Marymount University,,Loyola Marymount 1967,,319.0,,,35566140.0,Loyola Marymount University,117946.0,True,Regent
Elbridge H. Stuart III,Trustee,Loyola Marymount University,,,,320.0,,,35566140.0,Loyola Marymount University,117946.0,True,Regent
David S. DeVito,Trustee,Loyola Marymount University,,,"Executive Vice President and Chief Administrative Officer, The TCW Group, Inc865 South Figueroa Street, Suite 1800, Los Angeles, CA 90017 Education: UCLA BA",319.0,,,35566140.0,Loyola Marymount University,117946.0,True,Regent
"Rudy F. deLeon, Jr.",Trustee,Loyola Marymount University,,Loyola Marymount 1974,,319.0,,,35566140.0,Loyola Marymount University,117946.0,True,Regent
Nelly Llanos Kilroy,Trustee,Loyola Marymount University,,,,319.0,,,35566140.0,Loyola Marymount University,117946.0,True,Regent
"Gregory M. Goethals, S.JMary Elizabeth Ingham, CSJ",Trustee,Loyola Marymount University,,Loyola Marymount 1973. 1981,,319.0,,,35566140.0,Loyola Marymount University,117946.0,True,Regent
"Rev. Gerald T. ""Jerry"" Cobb, S.J",Secretary,Loyola Marymount University,,,"Associate Professor, Department of English, Seattle University",319.0,,,35566140.0,Loyola Marymount University,117946.0,True,Other Board Member
Norean V. DreierKathleen M. Duncan,Trustee,Loyola Marymount University,,,,319.0,,,35566140.0,Loyola Marymount University,117946.0,True,Regent
Karen J. DialThe Honorable Irma J. Brown Dillon,Trustee,Loyola Marymount University,,Loyola Marymount 1970. 1973,,319.0,,,35566140.0,Loyola Marymount University,117946.0,True,Regent
"Sister Mary Genino, RSHM",Trustee,Loyola Marymount University,,,,319.0,,,35566140.0,Loyola Marymount University,117946.0,True,Regent
Anthony R. Slimowicz,Trustee,New Jersey Institute Of Technology,,,"Managing Director, WCD Capital Partners, LLC",369.0,,,118118575.0,New Jersey Institute Of Technology,185828.0,True,Overseer
Vincent L. DeCaprio,Trustee,New Jersey Institute Of Technology,,NJIT 1972,"President, Vyteris Holdings",369.0,,,118118575.0,New Jersey Institute Of Technology,185828.0,True,Overseer
"Lawrence A. ""Larry"" Raia, PE",Trustee,New Jersey Institute Of Technology,,,,369.0,,,118118575.0,New Jersey Institute Of Technology,185828.0,True,Overseer
Henry A. Mauermeyer,Treasurer,New Jersey Institute Of Technology,,,"Senior Vice President, Administration and Treasurer, New Jersey Institute of Technology",369.0,,,118118575.0,New Jersey Institute Of Technology,185828.0,True,Other Board Member
"Anthony J. Knapp, Jr",Trustee,New Jersey Institute Of Technology,,,,369.0,,,118118575.0,New Jersey Institute Of Technology,185828.0,True,Overseer
"Elizabeth ""Liz"" Garcia I",Trustee,New Jersey Institute Of Technology,,,"Manager, Public Affairs, Infineum",369.0,,,118118575.0,New Jersey Institute Of Technology,185828.0,True,Overseer
Binay Sugla,Trustee,New Jersey Institute Of Technology,,,"Chief Executive Officer and Chairman, Mobile Matrix Inc",369.0,,,118118575.0,New Jersey Institute Of Technology,185828.0,True,Overseer
"Gary C. Dahms, PE, PP, CME",Trustee,New Jersey Institute Of Technology,,,"Senior Vice President and Chief Operating Officer, T&M Associates",369.0,,,118118575.0,New Jersey Institute Of Technology,185828.0,True,Overseer
Stephen P. DePalma,Vice Chairman,New Jersey Institute Of Technology,,NJIT 1972,"President and Chief Executive Officer, Schoor DePalma",369.0,,,118118575.0,New Jersey Institute Of Technology,185828.0,True,Board Vice President
"Christopher J. ""Chris"" Christie",Ex Officio Trustee,New Jersey Institute Of Technology,,Delaware 1984 BA; Seton Hall 1987 JD,"Governor, State of New Jersey; Governor (R), State of New Jersey P.O. Box 001, Trenton, NJ 08625",369.0,,,118118575.0,New Jersey Institute Of Technology,185828.0,True,"Overseer, Ex Officio"
Cory A. Booker,Ex Officio Trustee,New Jersey Institute Of Technology,,Stanford 1991 BA. 1992 MA: Yale 1997 JD,"Mayor, Office of the Mayor, City of Newark, New Jersey; Mayor (D), Office of the Mayor, City of Newark, New Jersey City Hall, 920 Broad Street, Room 200, Newark, NJ 07102",369.0,,,118118575.0,New Jersey Institute Of Technology,185828.0,True,"Overseer, Ex Officio"
Dennis M. Bone.,Trustee,New Jersey Institute Of Technology,,West Virginia Tech 1973 BS; Rutgers 1984 MBA; Johns Hopkins MS,,369.0,,,118118575.0,New Jersey Institute Of Technology,185828.0,True,Overseer
Philip K. Beachem.,Trustee,New Jersey Institute Of Technology,,,"President, New Jersey Alliance for Action",369.0,,,118118575.0,New Jersey Institute Of Technology,185828.0,True,Overseer
Anne S. Babineau,Trustee,New Jersey Institute Of Technology,,New Rochelle 1973 BA; Seton Hall 1977 JD,"Chairman, Redevelopment Law Practice Area, Wilentz Goldman & Spitzer P.APO. Box 10, Woodbridge, NJ 07095-0958",369.0,,,118118575.0,New Jersey Institute Of Technology,185828.0,True,Overseer
Holly Stern,Secretary,New Jersey Institute Of Technology,,,"General Counsel, New Jersey Institute of Technology",369.0,,,118118575.0,New Jersey Institute Of Technology,185828.0,True,Other Board Member
Peter A. Cistaro,Trustee,New Jersey Institute Of Technology,,NJIT 1968 PhD,,369.0,,,118118575.0,New Jersey Institute Of Technology,185828.0,True,Overseer
Paul Panayotatos,Faculty Representative Governor,Rutgers State University Of New Jersey,,,,445.0,,,102322142.0,Rutgers State University Of New Jersey,186380.0,True,Other Board Member
Candace L. Straight,Governor,Rutgers State University Of New Jersey,,,,446.0,,,102322142.0,Rutgers State University Of New Jersey,186380.0,True,Trustee
Daniel H. Schulman,Governor,Rutgers State University Of New Jersey,,Middlebury 1980 BA; Stern 1986 MBA,"Group President, Enterprise Growth Group, American Express Company",446.0,,,102322142.0,Rutgers State University Of New Jersey,186380.0,True,Trustee
Kenneth M. Schmidt,Governor,Rutgers State University Of New Jersey,,Rutgers 1967 BA: Western New England 1969 MBA,,445.0,,,102322142.0,Rutgers State University Of New Jersey,186380.0,True,Trustee
"Joseph J. Roberts, Jr",Governor,Rutgers State University Of New Jersey,,Rutgers BA; Pennsylvania 1986 MGA,,445.0,,,102322142.0,Rutgers State University Of New Jersey,186380.0,True,Trustee
Leslie A. Fehrenbach,Secretary,Rutgers State University Of New Jersey,,,,445.0,,,102322142.0,Rutgers State University Of New Jersey,186380.0,True,Other Board Member
Samuel Rabinowitz,Faculty Representative Governor,Rutgers State University Of New Jersey,,"Baruch Col 1973 BBA: Michigan State 1975 MA, 1979 PhD",,445.0,,,102322142.0,Rutgers State University Of New Jersey,186380.0,True,Other Board Member
Gordon Macinnes,Governor,Rutgers State University Of New Jersey,,Occidental 1963 BA: Princeton MPA,,445.0,,,102322142.0,Rutgers State University Of New Jersey,186380.0,True,Trustee
Bruce Fehn,Treasurer,Rutgers State University Of New Jersey,,Rutgers 1972 BA: Columbia 1975 JD,"Executive Vice President, Secretary and General Counsel, Breeze-Eastern Corporation 700 Liberty Avenue, Union, NJ 07083-4115 Tel: (908) 686-4000",445.0,,,102322142.0,Rutgers State University Of New Jersey,186380.0,True,Other Board Member
Mark P. Hershhorn,Governor,Rutgers State University Of New Jersey,,Rutgers 1971 BA: Wharton 1972 MBA,,445.0,,,102322142.0,Rutgers State University Of New Jersey,186380.0,True,Trustee
Gerald C. Harvey,Vice Chairman,Rutgers State University Of New Jersey,,Rutgers 1972 BA: Columbia 1975 JD,"Executive Vice President. Secretary and General Counsel. Breeze-Eastern Corporation 700 Liberty Avenue, Union, NJ 07083-4115 Tel: (908) 686-4000",445.0,,,102322142.0,Rutgers State University Of New Jersey,186380.0,True,Board Vice President
"Rev. M. William Howard, Jr",Governor,Rutgers State University Of New Jersey,,Morehouse Col 1968 BA: Princeton Sem 1972 MDiv,,445.0,,,102322142.0,Rutgers State University Of New Jersey,186380.0,True,Trustee
"Gregory ""Greg"" Brown",Governor,Rutgers State University Of New Jersey,,,,445.0,,,102322142.0,Rutgers State University Of New Jersey,186380.0,True,Trustee
"Robert L. ""Bob"" Barchi",Ex Officio Governor,Rutgers State University Of New Jersey,,,,445.0,,,102322142.0,Rutgers State University Of New Jersey,186380.0,True,"Trustee, Ex Officio"
Anthony J. DePetris,Governor,Rutgers State University Of New Jersey,,Rutgers (Camden) 1984 BA: Delaware 1986 MPA,,445.0,,,102322142.0,Rutgers State University Of New Jersey,186380.0,True,Trustee
Joseph T. Cashin,Student Representative Governor,Rutgers State University Of New Jersey,,,,445.0,,,102322142.0,Rutgers State University Of New Jersey,186380.0,True,Other Board Member
"Dr. Ralph Izzo, PhD",Chairman,Rutgers State University Of New Jersey,,"Columbia 1978 BS. 1979 MS, 1981 PhD; Rutgers MBA","Chairman, Chief Executive Officer and President, Public Service Enterprise Group Incorporated *P.O. Box 570, Newark, NJ 07101 Tel: (973) 430-7000",445.0,,,102322142.0,Rutgers State University Of New Jersey,186380.0,True,Board President
Song Woo,Regent,Saint Marys College Of California,,,"President and Chief Executive Officer, Lighthouse Management Group, Inc",457.0,,,177081203.0,Saint Marys College Of California,123554.0,False,Trustee
Judith A. Murphy,Regent,Saint Marys College Of California,,,"Chief Executive Officer and Director, Y & H Soda Foundation",457.0,,,177081203.0,Saint Marys College Of California,123554.0,False,Trustee
Sylvia Harper,Regent,Saint Marys College Of California,,St Mary's Col (CA) 1975,"Commander, Police Department, City and County of San Francisco, California",457.0,,,177081203.0,Saint Marys College Of California,123554.0,False,Trustee
Michael R. Zumbo,Regent,Saint Marys College Of California,,St Mary's Col (CA) 1982,"President, Pacific Telemanagement Service",457.0,,,177081203.0,Saint Marys College Of California,123554.0,False,Trustee
"James I. ""Jim"" Gonzalez",Regent,Saint Marys College Of California,,St Mary's Col (CA) 1972 BA: U San Francisco MPA,"President, Jim Gonzalez & Associates, LLP",457.0,,,177081203.0,Saint Marys College Of California,123554.0,False,Trustee
"James M. ""Jim"" Guyette",Regent,Saint Marys College Of California,,St Mary's Col (CA) 1967 BSBA,"Chairman, President and Chief Executive Officer, Rolls-Royce North America Inc",457.0,,,177081203.0,Saint Marys College Of California,123554.0,False,Trustee
James M. Wood,Regent,Saint Marys College Of California,,St Mary's Col (CA) 1970 BA; U San Francisco 1973 JD,"Partner, San Francisco, CA Office, Reed Smith LLP",457.0,,,177081203.0,Saint Marys College Of California,123554.0,False,Trustee
Mario F. Alioto,Regent,Saint Marys College Of California,,St Mary's Col (CA) 1982,"Senior Vice President. Revenue, San Francisco
Baseball Associates, L.PSBC Park, 24 Willie Mays Plaza. San Francisco, CA 94107",456.0,,,177081203.0,Saint Marys College Of California,123554.0,False,Trustee
Daniel R. Baradat,Regent,Saint Marys College Of California,,,"Attorney, Baradat, Edwards & Paboojian LLP
7050 N. Fresno Street, Suite 201. Fresno, CA 93720
Airaun)
Tel: (559) 431-5366
Education: St Mary's Col (CA) 1972: U San Francisco 1975 JD",456.0,,,177081203.0,Saint Marys College Of California,123554.0,False,Trustee
Mark T. Bongi.,Regent,Saint Marys College Of California,,St Mary's Col (CA) 1984,,457.0,,,177081203.0,Saint Marys College Of California,123554.0,False,Trustee
"Richard J. ""Dick"" Callahan",Regent,Saint Marys College Of California,,Waterloo BA,"Partner, Kosich & Callahan Insurance Services",457.0,,,177081203.0,Saint Marys College Of California,123554.0,False,Trustee
Arline B. Walter,Regent,Saint Marys College Of California,,,,457.0,,,177081203.0,Saint Marys College Of California,123554.0,False,Trustee
Patricia Castaneda-Davis,Regent,Saint Marys College Of California,,,,457.0,,,177081203.0,Saint Marys College Of California,123554.0,False,Trustee
Brian P. Driscoll,Regent,Saint Marys College Of California,,,"President and Chief Executive Officer, Shamrock Office Solutions",457.0,,,177081203.0,Saint Marys College Of California,123554.0,False,Trustee
Rena L. Fischer,Regent,Saint Marys College Of California,,St Mary's Col (CA) 1999,,457.0,,,177081203.0,Saint Marys College Of California,123554.0,False,Trustee
"Brother Ronald J. Gallagher, FSC",Regent,Saint Marys College Of California,,,,457.0,,,177081203.0,Saint Marys College Of California,123554.0,False,Trustee
"Silvio Garaventa, Jr",Regent,Saint Marys College Of California,,Portland 1971,"Chief Executive Officer, Garaventa Enterprises, Inc",457.0,,,177081203.0,Saint Marys College Of California,123554.0,False,Trustee
Michael J. Casey,Regent,Saint Marys College Of California,,St Mary's Col (CA) BA: Chicago-Kent JD,"President and Chief Executive Officer, Whittier Trust Company",457.0,,,177081203.0,Saint Marys College Of California,123554.0,False,Trustee
John M. Arnaudon,Regent,Saint Marys College Of California,,,"President and Chief Executive Officer, Concord
Mitsubishi
Tel: (925) 682-7100",456.0,,,177081203.0,Saint Marys College Of California,123554.0,False,Trustee
Kenneth E. Vincent,Regent,Saint Marys College Of California,,St Mary's Col (CA) 1952,,457.0,,,177081203.0,Saint Marys College Of California,123554.0,False,Trustee
"Albert J. Heeg, Jr",Vice President,Saint Marys College Of California,,St Mary's Col (CA) 1959,"Principal, Albert Heeg Investment Management",457.0,,,177081203.0,Saint Marys College Of California,123554.0,False,Board Vice President
Lauren Speeth,Regent,Saint Marys College Of California,,St Mary's Col (CA) 1989 MBA,"Founding Chief Executive Officer, Elfenworks Foundation",457.0,,,177081203.0,Saint Marys College Of California,123554.0,False,Trustee
Charles E. Moore IV,Regent,Saint Marys College Of California,,St Mary's Col (CA) 1970 BS,"President and Chief Executive Officer, McGuire Real Estate",457.0,,,177081203.0,Saint Marys College Of California,123554.0,False,Trustee
Timothy J. McCaffery,Regent,Saint Marys College Of California,,St Mary's Col (CA) 1988 BA: U San Francisco 1991 JD,"Attorney, Lombardi, Loper & Conant, LLP",457.0,,,177081203.0,Saint Marys College Of California,123554.0,False,Trustee
Reed K. Thompson,Regent,Saint Marys College Of California,,St Mary's Col (CA) 1980,"President and Chief Executive Officer, Tapln Solutions",457.0,,,177081203.0,Saint Marys College Of California,123554.0,False,Trustee
Celine D. Sabatte MacTaggart,Regent,Saint Marys College Of California,,St Mary's Col (CA) 2002,,457.0,,,177081203.0,Saint Marys College Of California,123554.0,False,Trustee
David H. Johnson,Regent,Saint Marys College Of California,,St Mary's Col (CA) 1984,,457.0,,,177081203.0,Saint Marys College Of California,123554.0,False,Trustee
"John P. ""Jack"" Kelly",Regent,Saint Marys College Of California,,,,457.0,,,177081203.0,Saint Marys College Of California,123554.0,False,Trustee
David R. Kelly.,President,Saint Marys College Of California,,St Mary's Col (CA) 1962,"Managing Partner, Kelly & Associates, LLP",457.0,,,177081203.0,Saint Marys College Of California,123554.0,False,Board President
"Odell Johnson, Jr.",Regent,Saint Marys College Of California,,,,457.0,,,177081203.0,Saint Marys College Of California,123554.0,False,Trustee
Lisa Hofmann Morgan,Regent,Saint Marys College Of California,,St Mary's Col (CA) 1981,,457.0,,,177081203.0,Saint Marys College Of California,123554.0,False,Trustee
Peter F. McAndrews.,Regent,Saint Marys College Of California,,St Mary's Col (CA) 1965,"Attorney, McAndrews, Allen & Matson, PC",457.0,,,177081203.0,Saint Marys College Of California,123554.0,False,Trustee
Ellen M. Kruger,Regent,Saint Marys College Of California,,St Mary's Col (CA) 1984,,457.0,,,177081203.0,Saint Marys College Of California,123554.0,False,Trustee
Joseph A. Motta,Regent,Saint Marys College Of California,,St Mary's Col (CA) 1984; McGeorge 1987 JD,"Attorney, Rueb, Motta & Manoukian",457.0,,,177081203.0,Saint Marys College Of California,123554.0,False,Trustee
Robert C. Power III,Regent,Saint Marys College Of California,,,,457.0,,,177081203.0,Saint Marys College Of California,123554.0,False,Trustee
Fred J. Naranjo,Regent,Saint Marys College Of California,,Cal State (Hayward) BS; St Mary's Col (CA) 2001 MBA,,457.0,,,177081203.0,Saint Marys College Of California,123554.0,False,Trustee
Wendy A. Nieto Ferrare,Regent,Saint Marys College Of California,,,"Chief Financial Officer, GroundWork Open Source",457.0,,,177081203.0,Saint Marys College Of California,123554.0,False,Trustee
Ernest J. Panasci,Regent,Saint Marys College Of California,,Saint Louis U 1973 BA; Georgetown 1976 JD 1979 LLM,"Shareholder, Jones & Keller",457.0,,,177081203.0,Saint Marys College Of California,123554.0,False,Trustee
Elizabeth R. Phelan,Regent,Saint Marys College Of California,,"St Mary's Col (CA) 1992, 1997 MSN",,457.0,,,177081203.0,Saint Marys College Of California,123554.0,False,Trustee
Rene Roman,Regent,Saint Marys College Of California,,,,457.0,,,177081203.0,Saint Marys College Of California,123554.0,False,Trustee
Gary Sabatte,Regent,Saint Marys College Of California,,,"General Partner, Berkeley Land Co",457.0,,,177081203.0,Saint Marys College Of California,123554.0,False,Trustee
Paul Hurst,Regent,Saint Marys College Of California,,St Mary's Col (CA) 1963,,457.0,,,177081203.0,Saint Marys College Of California,123554.0,False,Trustee
"Robert E. ""Bob"" Baldini",Trustee,Seton Hall University,,,,,,,12524447.0,Seton Hall University,186584.0,True,Regent
Monsignor James M. Cafone,Vice Chairman,Seton Hall University,,,"Affiliation: Vicar General and Moderator of the Curia, Archdiocese of Newark",468.0,,,12524447.0,Seton Hall University,186584.0,True,Board Vice President
Dr. Phillip Frese,Trustee,Seton Hall University,,,"Affiliation: Executive Vice President, Operations, Catholic Health and Human Services Corporation",468.0,,,12524447.0,Seton Hall University,186584.0,True,Regent
Francis J. Hager,Trustee,Seton Hall University,,,,468.0,,,12524447.0,Seton Hall University,186584.0,True,Regent
"Phillip N. ""Phil"" Maisano",Trustee,Seton Hall University,,Belmont Abbey 1969 BA; lona 1976 MBA,,468.0,,,12524447.0,Seton Hall University,186584.0,True,Regent
Patrick M. Murray,Trustee,Seton Hall University,,"Seton Hall BS, MBA","Career: Chairman and Chief Executive Officer, Dresser, Inc",468.0,,,12524447.0,Seton Hall University,186584.0,True,Regent
Pamela M. Swartzberg,Secretary,Seton Hall University,,,"Affiliation: Chair, Womens Commission, Archdiocese of Newark",468.0,,,12524447.0,Seton Hall University,186584.0,True,Other Board Member
Donna M. O'Brien,Trustee,Seton Hall University,,,,468.0,,,12524447.0,Seton Hall University,186584.0,True,Regent
Monsignor Joseph R. Reilly,Trustee,Seton Hall University,,,,468.0,,,12524447.0,Seton Hall University,186584.0,True,Regent
The Most Reverend Arthur J. Serratelli,Trustee,Seton Hall University,,Seton Hall 1965 BA; U Gregoriana DD,"Affiliation: Bishop, Diocese of Paterson",468.0,,,12524447.0,Seton Hall University,186584.0,True,Regent
Bruce A. Tomason,Trustee,Seton Hall University,,Seton Hall BA; Columbia 1971 MBA,,468.0,,,12524447.0,Seton Hall University,186584.0,True,Regent
Rev. Mark O'Malley,Trustee,Seton Hall University,,,,468.0,,,12524447.0,Seton Hall University,186584.0,True,Regent
The Most Reverend John J. Myers,Chairman,Seton Hall University,,,"Affiliation: Archbishop, Archdiocese of Newark",468.0,,,12524447.0,Seton Hall University,186584.0,True,Board President
Dr. Amado Gabriel M. Esteban,Trustee,Seton Hall University,,,,468.0,,,12524447.0,Seton Hall University,186584.0,True,Regent
Monsignor Robert Wister,Trustee,Seton Hall University,,,,468.0,,,12524447.0,Seton Hall University,186584.0,True,Regent
