Name,Position,Institution,SubInstitution,Education,Other Affiliation,Career,Notes,AffiliationId,carnegie_id,FixedPosition,StateSystem,PrimarySample
John P. Birkelund,Fellow,Brown University,Board of Fellows,,"Senior Advisor, Warburg Dillon Read. LLCSwiss Bank Ctr. 1, 677 Washington Blvd., Stamford, CT 06901",,,27804330.0,217156.0,Trustee,,True
Barbara L. Chase,Fellow,Brown University,Board of Fellows,Brown 1976 AB,"President, American Heritage Forbes Bldg., 60 5th Ave., New York, NY 10011",,,27804330.0,217156.0,Trustee,,True
Timothy C. Forbes,Fellow,Brown University,Board of Fellows,,"President, American Heritage Forbes Bldg., 60 5th Ave., New York, NY 10011",,,27804330.0,217156.0,Trustee,,True
Carolyn Rafkin,Executive Secretary,Brown University,,,,,,27804330.0,217156.0,Other Board Member,,True
E. Gordon Gee,President,Brown University,,,,,,27804330.0,217156.0,Board President,,True
E. Gordon Gee,Fellow,Brown University,,,,,,27804330.0,217156.0,Trustee,,True
Steven R. Jordan,Fellow,Brown University,Board of Fellows,,,,,27804330.0,217156.0,Trustee,,True
Artemis A.W. Joukowsky,Fellow,Brown University,Board of Fellows,,,,,27804330.0,217156.0,Trustee,,True
Frederick Lippitt,Fellow,Brown University,Board of Fellows,,,,,27804330.0,217156.0,Trustee,,True
Eleanor H. McMahon,Fellow,Brown University,Board of Fellows,,,,,27804330.0,217156.0,Trustee,,True
Henry D. Sharpe,Fellow,Brown University,Board of Fellows,,,,,27804330.0,217156.0,Trustee,,True
Wendy J. Strothman,Secretary,Brown University,Board of Fellows,,"Executive Vice President, Trade and Reference Division, Houghton Mifflin Company 222 Berkeley St., Boston, MA 02116-3764",,,27804330.0,217156.0,Other Board Member,,True
"Charles C. Tillinghast, Jr",Fellow,Brown University,Board of Fellows,,,,,27804330.0,217156.0,Trustee,,True
Alva O. Way,Fellow,Brown University,Board of Fellows,,"Chairman, IBJ Schroder Bank & Trust Company 1 State St., New York, NY 10004",,,27804330.0,217156.0,Trustee,,True
Bill L. Amick,Trustee,Clemson University,,,"Chairman and Chief Executive Officer, Amick Farms",,,8078737.0,217882.0,Member,,True
John J. Britton,Trustee,Clemson University,,,,,,8078737.0,217882.0,Member,,True
"Lawrence M. Gressette, Jr",Chairman,Clemson University,,,"Executive Committee Chairman, SCANA Corporation",,,8078737.0,217882.0,Board President,,True
"Leon J. Hendrix, Jr",Trustee,Clemson University,,,"Clayton, Dubilier & Rice, Inc375 Park Ave., 18th Fl., New York, NY 10152",,,8078737.0,217882.0,Member,,True
Harold D. Kingsmore,Trustee,Clemson University,,,"Kingsmore Enterprises1359 Silver Bluff Rd., Ste., A-7, Aiken, SC 29803",,,8078737.0,217882.0,Member,,True
Louis B. Lynn,Trustee,Clemson University,,,"President, ENVIRO AgScience, IncP.O. Box 23285, Columbia, SC 29224",,,8078737.0,217882.0,Member,,True
Patricia Herring McAbee,Trustee,Clemson University,,,"Piedmont Technical CollegeP.O. Box 1467, Greenwood, SC 29648-1467",,,8078737.0,217882.0,Member,,True
Leslie G. McCraw,Trustee,Clemson University,,,"Chairman and Chief Executive Officer, Fluor Corporation100 Fluor Daniel Dr., C107E, Greenville, SC 29607-2762",,,8078737.0,217882.0,Member,,True
Ellison Smyth McKissick III,Trustee,Clemson University,,,"President and Treasurer, Alice Manufacturing Company, IncP.O. Box 369, Easley, SC",,,8078737.0,217882.0,Member,,True
"Thomas B. McTeer, Jr",Trustee,Clemson University,,,"President, MeTeer Real Estate, IncPO. Box 11923, Columbia, SC 29211",,,8078737.0,217882.0,Member,,True
"William C. Smith, Jr",Trustee,Clemson University,,,"Chief Executive Officer, Holmes Smith Developments, IncP.O. Box 11334, Columbia, SC 29211",,,8078737.0,217882.0,Member,,True
Joseph D. Swann,Vice Chairman,Clemson University,,,"Vice President and General Manager, Dodge/Rockwell AutomationP.O. Box 499, Ponders Ct., Greensville, SC 29602",,,8078737.0,217882.0,Board Vice President,,True
Allen P. Wood,Trustee,Clemson University,,,"President, Wilkins, Wood Goforth, Assoc., LtdP.O. Box 3868, Florence, SC 29502",,,8078737.0,217882.0,Member,,True
Jeanette G. Grasseli Brown,Regent,Cleveland State University,,Ohio BS; Case Western MS,Chairperson of the Board of Trustees,,,102607778.0,202134.0,Trustee,,True
Michael A. Fox,Ex Officio Regent,Cleveland State University,,,,,,102607778.0,202134.0,"Trustee, Ex Officio",,True
Gerald H. Gordon,Regent,Cleveland State University,,,"President and Chief Operating Officer, Sun Media Corporation",,,102607778.0,202134.0,Trustee,,True
Merle G. Kearns,Ex Officio Regent,Cleveland State University,,,"Member, Ohio Senate",,,102607778.0,202134.0,"Trustee, Ex Officio",,True
"Tahlman Krumm, Jr.",Vice Chairman,Cleveland State University,,South Florida BA; Ohio State PhD,"Founder and Chairman, Avalanche Creek Projects Group",,,102607778.0,202134.0,Board Vice President,,True
Elizabeth K. Lanier,Chairperson,Cleveland State University,,Smith BA; Columbia JD,Vice President and Chief of StaffCinergy Corp,,,102607778.0,202134.0,Board President,,True
Gerald M. Miller,Regent,Cleveland State University,,Dayton BA,"Chairman and Managing Partner, Miller-Valentine Group",,,102607778.0,202134.0,Trustee,,True
Thomas W. Noe,Regent,Cleveland State University,,,"President, Vintage Coins and Cards",,,102607778.0,202134.0,Trustee,,True
Stephen A. Perry,Regent,Cleveland State University,,,"Vice President, Human Resources and Logistics, The Timken Company",,,102607778.0,202134.0,Trustee,,True
J. Gilbert Reese,Regent,Cleveland State University,,,"Senior Partner, Reese, Pyle, Drake and Meyer",,,102607778.0,202134.0,Trustee,,True
Ralph E. Schey,Regent,Cleveland State University,,,"Chairmain and Chief Executive Officer, The Scott Fetzer Company",,,102607778.0,202134.0,Trustee,,True
Vacant,Trustee,College Of William And Mary,,,,,,16285277.0,231624.0,Member,,True
Joseph E. Antonini,Regent,Eastern Michigan University,,,,,,138216421.0,169798.0,Trustee,,True
Robert A. DeMattia,Regent,Eastern Michigan University,,,The DeMattia Group,,,138216421.0,169798.0,Trustee,,True
Rosalind E. Griffin,Regent,Eastern Michigan University,,,,,,138216421.0,169798.0,Trustee,,True
Philip A. Incarnati,Chairman,Eastern Michigan University,,,McLaren Health Care Corporation,,,138216421.0,169798.0,Board President,,True
Michael G. Morris,Regent,Eastern Michigan University,,,Northeast Utilities System,,,138216421.0,169798.0,Trustee,,True
Carl D. Pursell,Regent,Eastern Michigan University,,,,,,138216421.0,169798.0,Trustee,,True
Col. William J. Stephens,Regent,Eastern Michigan University,,,,,,138216421.0,169798.0,Trustee,,True
D. Ronald Daniel,Treasurer,Harvard University,Harvard Corporation,"Bryn Maw 1950 AB; Harvard 1957 PhD; Yale 1971 MA, 1978 LLD","Chairperson, The Andrew W. Mellon Foundation",,,136199984.0,166027.0,Other Board Member,,True
D. Ronald Daniel,Fellow,Harvard University,Harvard Corporation,"Bryn Maw 1950 AB; Harvard 1957 PhD; Yale 1971 MA, 1978 LLD","Chairperson, The Andrew W. Mellon Foundation",,,136199984.0,166027.0,Overseer,,True
Hanna H. Gray,Fellow,Harvard University,Harvard Corporation,,"Chairperson, The Andrew W. Mellon Foundation",,,136199984.0,166027.0,Overseer,,True
Judith Richards Hope,Fellow,Harvard University,Harvard Corporation,,"Senior Counsel, Paul, Hastings, Janofsky & Walker, LLP",,,136199984.0,166027.0,Overseer,,True
James R. Houghton,Fellow,Harvard University,Harvard Corporation,,"Chairman of the Board, Corning, , Inc",,,136199984.0,166027.0,Overseer,,True
Neil Leon Rudestine,President,Harvard University,Harvard Corporation,,"Chairman of the Board and Chief Executive Officer, Harcourt General, Inc27 Boylston St., Chestnut Hill, MA 02167",,,136199984.0,166027.0,Board President,,True
Neil Leon Rudestine,Fellow,Harvard University,Harvard Corporation,,"Chairman of the Board and Chief Executive Officer, Harcourt General, Inc27 Boylston St., Chestnut Hill, MA 02167",,,136199984.0,166027.0,Overseer,,True
Richard A. Smith,Fellow,Harvard University,Harvard Corporation,Harvard 1946; Boston Col 1988 LLD,"Chairman, Kirby Corporation",,,136199984.0,166027.0,Overseer,,True
"Robert G. Stone, Jr.",Fellow,Harvard University,Harvard Corporation,,"Chairman, Kirby Corporation",,,136199984.0,166027.0,Overseer,,True
James M. Biggar,Trustee,Kent State University,,,,,,149910238.0,203517.0,Regent,,True
Krista Blake,Student Trustee,Kent State University,,,,,,149910238.0,203517.0,Other Board Member,,True
Vincent A. Chiarucci,Chairman,Kent State University,,,,,,149910238.0,203517.0,Board President,,True
Lynne S. Dragomier,Trustee,Kent State University,,,,,,149910238.0,203517.0,Regent,,True
Burton V. Jones,Secretary,Kent State University,,,,,,149910238.0,203517.0,Other Board Member,,True
Norbert Lewandowski,Trustee,Kent State University,,,,,,149910238.0,203517.0,Regent,,True
Vincent D. Pettinelli,Trustee,Kent State University,,,,,,149910238.0,203517.0,Regent,,True
Ronald A. Pizzuti,Trustee,Kent State University,,,,,,149910238.0,203517.0,Regent,,True
Stanley F. Barshay,Trustee,Long Island University,,,"Senior Vice President, American Home Products",,,138873065.0,192448.0,Overseer,,True
Mark A. Boyar,Trustee,Long Island University,,,"President, Mark Boyar & Company",,,138873065.0,192448.0,Overseer,,True
Mark A. Boyar,Executive Committee Member,Long Island University,,,"President, Mark Boyar & Company",,,138873065.0,192448.0,Other Board Member,,True
William F. de Neergaard,Trustee and Executive,Long Island University,,,"President and Owner, Neergaard Pharmacies",,,138873065.0,192448.0,Overseer,,True
Donald H. Elliott,Trustee,Long Island University,,,"Of Counsel, Hollyer, Brady, et al",,,138873065.0,192448.0,Overseer,,True
Donald H. Elliott,Executive Committee Member,Long Island University,,,"Of Counsel, Hollyer, Brady, et al",,,138873065.0,192448.0,Other Board Member,,True
Gary S. Feldstein,Trustee,Long Island University,,,"President and Chief Executive Officer, Manhattan Medical Care",,,138873065.0,192448.0,Overseer,,True
Irwin C. Gerson,Trustee,Long Island University,,,"Chairman, Lowe MAdams Healthcare",,,138873065.0,192448.0,Overseer,,True
Arthur I. Goldberg,Trustee,Long Island University,,,"Law Partner, Jacobson & Goldberg",,,138873065.0,192448.0,Overseer,,True
Msgr. Thomas J. Hartman,Trustee and Executive,Long Island University,,,"Director, Radio and Television, Telicare",,,138873065.0,192448.0,Overseer,,True
Stephen P. Kaufman,Trustee,Long Island University,,,"Chairman and Chief Executive Officer, Arrow Electronics, Inc",,,138873065.0,192448.0,Overseer,,True
Steven A. Klar,Trustee,Long Island University,,,"President, The Klar Organization",,,138873065.0,192448.0,Overseer,,True
Eric Krasnoff,Trustee,Long Island University,,,"Chairman and Chief Executive Officer, Pall Corporation",,,138873065.0,192448.0,Overseer,,True
Eric Krasnoff,Executive Committee Member,Long Island University,,,"Chairman and Chief Executive Officer, Pall Corporation",,,138873065.0,192448.0,Other Board Member,,True
Steven J. Kumble,Secretary,Long Island University,,,"Chairman, Lincolnshire Management, Ltd",,,138873065.0,192448.0,Other Board Member,,True
Steven J. Kumble,Executive Committee Member,Long Island University,,,"Chairman, Lincolnshire Management, Ltd",,,138873065.0,192448.0,Other Board Member,,True
David H. Lipka,Trustee,Long Island University,,,"Principal, Chapman Partners LLP Investment Bankers",,,138873065.0,192448.0,Overseer,,True
Howard M. Lorber,Trustee,Long Island University,,,"Chairman, Hallman & Lorber Associates",,,138873065.0,192448.0,Overseer,,True
Howard M. Lorber,Executive Committee Member,Long Island University,,,"Chairman, Hallman & Lorber Associates",,,138873065.0,192448.0,Other Board Member,,True
Eugene H. Luntey,Chairman,Long Island University,,,"Chairman, Chief Executive Officer and President, Brooklyn Union Gas Company",,,138873065.0,192448.0,Board President,,True
Eugene H. Luntey,Executive Committee Member,Long Island University,,,"Chairman, Chief Executive Officer and President, Brooklyn Union Gas Company",,,138873065.0,192448.0,Other Board Member,,True
"William Lynch, Jr",Trustee,Long Island University,,,"Vice President, McAndrews & Forbes Holdings. Inc",,,138873065.0,192448.0,Overseer,,True
"William Lynch, Jr",Executive Committee Member,Long Island University,,,"Vice President, McAndrews & Forbes Holdings. Inc",,,138873065.0,192448.0,Other Board Member,,True
Joseph L. Mancino,Trustee,Long Island University,,,"Chairman, President and Chief Executive Officer, The Roslyn Savings Bank and Roslyn Bancorp, Inc",,,138873065.0,192448.0,Overseer,,True
John M. May,Trustee,Long Island University,,,,,,138873065.0,192448.0,Overseer,,True
John M. May,Executive Committee Member,Long Island University,,,,,,138873065.0,192448.0,Other Board Member,,True
William P. Miller,Trustee,Long Island University,,,"Owner, Miller Transmission Tower Company",,,138873065.0,192448.0,Overseer,,True
Theresa Mall Mullarkey,"Chancellor, C. W. Post Campus",Long Island University,C. W. Post Campus,,,,,138873065.0,192448.0,Board President,,True
Theresa Mall Mullarkey,Trustee,Long Island University,C. W. Post Campus,,,,,138873065.0,192448.0,Overseer,,True
Theresa Mall Mullarkey,Executive Committee Member,Long Island University,C. W. Post Campus,,,,,138873065.0,192448.0,Other Board Member,,True
David Pinter,Trustee,Long Island University,,,"President and Chief Executive Officer, Zwicker Electric Company, Inc",,,138873065.0,192448.0,Overseer,,True
Thomas L. Pulling,Trustee,Long Island University,,,"Managing Director, Private Portfolio Management, Saloman Smith Barney Holdings Inc",,,138873065.0,192448.0,Overseer,,True
Thomas L. Pulling,Executive Committee Member,Long Island University,,,"Managing Director, Private Portfolio Management, Saloman Smith Barney Holdings Inc",,,138873065.0,192448.0,Other Board Member,,True
Bruce C. Ratner,Trustee,Long Island University,,,"President and Chief Executive Officer, Forest City Ratner Companies",,,138873065.0,192448.0,Overseer,,True
Bruce C. Ratner,Executive Committee Member,Long Island University,,,"President and Chief Executive Officer, Forest City Ratner Companies",,,138873065.0,192448.0,Other Board Member,,True
Warren L. Schwerin,Trustee,Long Island University,,,President and Chief Executive Officer. Related Properties Corporation,,,138873065.0,192448.0,Overseer,,True
Terry Semel,Trustee,Long Island University,,,"Chairman and Co-Chief Executive Officer, Warner Bros4000 Warner Blvd., Burbank, CA 91505 Tel: (818) 954-6000 Fax: (818) 954-2464",,,138873065.0,192448.0,Overseer,,True
Robert EX. Sillerman,"Chancellor, Southampton Campus",Long Island University,Southampton Campus,,,,,138873065.0,192448.0,Board President,,True
Robert EX. Sillerman,Trustee,Long Island University,Southampton Campus,,,,,138873065.0,192448.0,Overseer,,True
Robert EX. Sillerman,Executive Committee Member,Long Island University,Southampton Campus,,,,,138873065.0,192448.0,Other Board Member,,True
Howard Silverman,Trustee,Long Island University,,,"Chairman, President and Chief Executive Officer, Gruntal and Company, Inc",,,138873065.0,192448.0,Overseer,,True
Marvin M. Sirota,Trustee,Long Island University,,,"President and Chairman, Interactive Health Management, Inc",,,138873065.0,192448.0,Overseer,,True
Howard M. Smith,Trustee,Long Island University,,,"President and Chief Executive Officer, Dr. Fabricant's Foot Health Products, Inc",,,138873065.0,192448.0,Overseer,,True
Rev. Paul Smith,Trustee,Long Island University,,,"Pastor, First Presbyterian Church Brooklyn Heights, NY",,,138873065.0,192448.0,Overseer,,True
David J. Steinberg,President,Long Island University,,,,,,138873065.0,192448.0,Board President,,True
David J. Steinberg,Ex Officio Trustee,Long Island University,,,,,,138873065.0,192448.0,"Overseer, Ex Officio",,True
Ronald J. Sylvestri,Trustee,Long Island University,,,"Vice President, Fleet Investment Management",,,138873065.0,192448.0,Overseer,,True
Ronald J. Sylvestri,Executive Committee Member,Long Island University,,,"Vice President, Fleet Investment Management",,,138873065.0,192448.0,Other Board Member,,True
Roger B. Tilles,Senior Vice Chairman and Executive,Long Island University,,,"Chief Executive Officer, Tilles Committee Member Investment Company",,,138873065.0,192448.0,Board Vice President,,True
Edward Travaglianti,"Chancellor, Brooklyn Campus",Long Island University,Brooklyn Campus,,,,,138873065.0,192448.0,Board President,,True
Edward Travaglianti,Trustee,Long Island University,Brooklyn Campus,,,,,138873065.0,192448.0,Overseer,,True
Edward Travaglianti,Executive Committee Member,Long Island University,Brooklyn Campus,,,,,138873065.0,192448.0,Other Board Member,,True
John O. Utendahl,Trustee,Long Island University,,,"President and Chief Executive Officer. Utendahl Capital Partners, L.P",,,138873065.0,192448.0,Overseer,,True
William E. Viklund,Trustee,Long Island University,,,"President and Chief Executive Officer, Long Island Savings Bank",,,138873065.0,192448.0,Overseer,,True
Rosalind P. Walter,Trustee,Long Island University,,,,,,138873065.0,192448.0,Overseer,,True
Rosalind P. Walter,Executive Committee Member,Long Island University,,,,,,138873065.0,192448.0,Other Board Member,,True
Dan K. Wassong,Trustee,Long Island University,,,"Chairman, President and Chief Executive Officer, Del Laboratories, Inc",,,138873065.0,192448.0,Overseer,,True
Edward J. Yodowitz,Trustee,Long Island University,,,"Senior Partner, Skadden, Arps, Slate, Meagher & Flom LLP",,,138873065.0,192448.0,Overseer,,True
Robert M. Abell,Regent,Loyola Marymount University,Board of Regents,,,,,35566140.0,117946.0,Trustee,,True
The Hon. Richard D. Aldrich,Vice Chairman,Loyola Marymount University,Board of Regents,,,,,35566140.0,117946.0,Board Vice President,,True
The Hon. Benjamin Aranda,Regent,Loyola Marymount University,Board of Regents,,,,,35566140.0,117946.0,Trustee,,True
Robert Buckley,Regent,Loyola Marymount University,Board of Regents,,,,,35566140.0,117946.0,Trustee,,True
David L. Buell,Regent,Loyola Marymount University,Board of Regents,,,,,35566140.0,117946.0,Trustee,,True
Ernest M. Camacho,Regent,Loyola Marymount University,Board of Regents,,,,,35566140.0,117946.0,Trustee,,True
Barbara S. Casey,Regent,Loyola Marymount University,Board of Regents,,,,,35566140.0,117946.0,Trustee,,True
Louis J. Cassani,Regent,Loyola Marymount University,Board of Regents,,,,,35566140.0,117946.0,Trustee,,True
Stanley H. Chambers,Regent,Loyola Marymount University,Board of Regents,,,,,35566140.0,117946.0,Trustee,,True
"Alex Chaves, Sr",Regent,Loyola Marymount University,Board of Regents,,,,,35566140.0,117946.0,Trustee,,True
The Hon. Daniel A. Curry,Regent,Loyola Marymount University,Board of Regents,,,,,35566140.0,117946.0,Trustee,,True
Anthony S. Delfino,Regent,Loyola Marymount University,Board of Regents,,,,,35566140.0,117946.0,Trustee,,True
Myles P. Dempsey,Regent,Loyola Marymount University,Board of Regents,,,,,35566140.0,117946.0,Trustee,,True
James A. DeRosa,Regent,Loyola Marymount University,Board of Regents,,,,,35566140.0,117946.0,Trustee,,True
T. Patrick Smith,Regent,Loyola Marymount University,Board of Regents,,,,,35566140.0,117946.0,Trustee,,True
Louis A. Simpson,Regent,Loyola Marymount University,Board of Regents,,,,,35566140.0,117946.0,Trustee,,True
Edward F. Slattery,Regent,Loyola Marymount University,Board of Regents,,,,,35566140.0,117946.0,Trustee,,True
Michael J. Smith,Regent,Loyola Marymount University,Board of Regents,,,,,35566140.0,117946.0,Trustee,,True
Rev. Msgr. Royale M. Vadakin,Regent,Loyola Marymount University,Board of Regents,,,,,35566140.0,117946.0,Trustee,,True
Thomas J. Viola,Regent,Loyola Marymount University,Board of Regents,,,,,35566140.0,117946.0,Trustee,,True
Charles K. Von Der Ahe,Regent,Loyola Marymount University,Board of Regents,,,,,35566140.0,117946.0,Trustee,,True
John N. Bain,Trustee,New Jersey Institute Of Technology,,,"Affiliation: Carella, Byrne, Bain & Gilfillan",,,118118575.0,185828.0,Overseer,,True
Laura Bigley Battjer,Trustee,New Jersey Institute Of Technology,,,"Affiliation: President, Battier & Associates",,,118118575.0,185828.0,Overseer,,True
"Hamilton V. Bowser, Sr",Trustee,New Jersey Institute Of Technology,,,"Affiliation: President, Evanbow Construction Company, Inc",,,118118575.0,185828.0,Overseer,,True
W. Stanley Brown,Trustee,New Jersey Institute Of Technology,,,Affiliation: Consultant,,,118118575.0,185828.0,Overseer,,True
Oswald L. Cano,Trustee,New Jersey Institute Of Technology,,,"Affiliation: General Manager, Corporate Responsibilities, Public Service Electric and Gas Company",,,118118575.0,185828.0,Overseer,,True
The Hon. Sharpe James,Ex Officio Trustee,New Jersey Institute Of Technology,,Montclair State BA; Springfield (MA) MA,"Affiliation: Mayor, City of Newark City Hall, Rm. 200, 920 Broad St., Newark, NJ 07102 Tel: (973) 733-6400",,,118118575.0,185828.0,"Overseer, Ex Officio",,True
James A. Kennedy,Trustee,New Jersey Institute Of Technology,,,"Affiliation: President and Chief Executive Officer, National Starch and Chemical Company",,,118118575.0,185828.0,Overseer,,True
"Anthony J. Knapp, Jr.",Trustee,New Jersey Institute Of Technology,,,"Affiliation: Proprietor, Black Horse Inn",,,118118575.0,185828.0,Overseer,,True
Victor A. Pelson,Trustee,New Jersey Institute Of Technology,,,"Affiliation: Director and Senior Advisor, SC Warburg Dillion Read Inc Swiss Bank Ctr. One, 677 Washington Blvd., Stamford, CT 06901 Tel: (203) 719-3000 Fax: (203) 719-5499",,,118118575.0,185828.0,Overseer,,True
Martin Tuchman,Trustee,New Jersey Institute Of Technology,,,"Affiliation: Chairman and Chief Executive Officer, Interpool, Inc",,,118118575.0,185828.0,Overseer,,True
The Hon. Christine Todd Whitman,Ex Officio Trustee,New Jersey Institute Of Technology,,Wheaton (MA) 1968 BA,"Affiliation: Governor, State of New Jersey 125 W. State St., P.O. Box 001, Trenton, NJ 08625-0001 Tel: (609) 777-2200 Fax: (609) 292-5212",,,118118575.0,185828.0,"Overseer, Ex Officio",,True
Harold R. Wilde,President,North Dakota University System,,,"Chairman, U.S. Equities Realty, IncChicago, IL",,,4210127926.0,,Board President,,True
Harold R. Wilde,Trustee,North Dakota University System,,,"Chairman, U.S. Equities Realty, IncChicago, IL",,,4210127926.0,,Member,,True
Robert A. Wislow,Executive Committee Member-at-Large Trustee,North Dakota University System,,,,,,4210127926.0,,Member,,True
Jeanette G. Grasselli Brown,Regent,Ohio State University,,,"Chairperson of the Board of Trustees, Ohio University",,,52357470.0,204796.0,Trustee,,True
Michael A. Fox,Ex Officio Regent,Ohio State University,,,,,,52357470.0,204796.0,"Trustee, Ex Officio",,True
Gerald H. Gordon,Regent,Ohio State University,,,"President and Chief Operating Officer, Sun Media Corporation",,,52357470.0,204796.0,Trustee,,True
Merle G. Kearns,Ex Officio Regent,Ohio State University,,,"Member, Ohio Senate",,,52357470.0,204796.0,"Trustee, Ex Officio",,True
Patricia A. Ackerman,Trustee,Ohio University,,,,,,4210106879.0,204857.0,Regent,,True
Gordon F. Brunner,Vice Chairman,Ohio University,,,"Senior Vice President, The Procter & Gamble Company",,,4210106879.0,204857.0,Board Vice President,,True
"Charles R. Emrick, Jr.",Trustee,Ohio University,,,"Calfee, Halter & Griswold Attorneys",,,4210106879.0,204857.0,Regent,,True
Alan H. Geiger,Assistant To The President,Ohio University,,,"Benesch, Friedlander, Coplan & Aronoff Attorneys",,,4210106879.0,204857.0,Board President,,True
Alan H. Geiger,Secretary,Ohio University,,,"Benesch, Friedlander, Coplan & Aronoff Attorneys",,,4210106879.0,204857.0,Other Board Member,,True
Robert Glidden,President,Ohio University,,,,,,4210106879.0,204857.0,Board President,,True
Robert Glidden,Trustee,Ohio University,,,,,,4210106879.0,204857.0,Regent,,True
N. Victor Goodman,Trustee,Ohio University,,,,,,4210106879.0,204857.0,Regent,,True
Brandon T. Grover,Chairman,Ohio University,,,,,,4210106879.0,204857.0,Board President,,True
Paul R. Leonard,Trustee,Ohio University,,,,,,4210106879.0,204857.0,Regent,,True
K. C. Melnik,Student Trustee,Ohio University,,,,,,4210106879.0,204857.0,Other Board Member,,True
M. Lee Ong,Trustee,Ohio University,,,,,,4210106879.0,204857.0,Regent,,True
Shawn M. Dirk,Trustee,Pennsylvania State System Of Higher Education,,,,,,29957033.0,,Governor,,True
Gail D. Edwards,Trustee,Pennsylvania State System Of Higher Education,,,,,,29957033.0,,Governor,,True
James W. Harris,Trustee,Pennsylvania State System Of Higher Education,,,,,,29957033.0,,Governor,,True
"Charles W. Hash, Sr",Chairman,Pennsylvania State System Of Higher Education,,,,,,29957033.0,,Board President,,True
Joseph E. Hennessey,Trustee,Pennsylvania State System Of Higher Education,,,,,,29957033.0,,Governor,,True
Caroline M. Hoffer,Trustee,Pennsylvania State System Of Higher Education,,,,,,29957033.0,,Governor,,True
William B. Mcliwaine,Trustee,Pennsylvania State System Of Higher Education,,,,,,29957033.0,,Governor,,True
Nelson Sears,Trustee,Pennsylvania State System Of Higher Education,,,,,,29957033.0,,Governor,,True
Robert Torres,Trustee,Pennsylvania State System Of Higher Education,,,,,,29957033.0,,Governor,,True
Sue A. Walker,Trustee,Pennsylvania State System Of Higher Education,,,,,,29957033.0,,Governor,,True
Paul G. Wedel,Trustee,Pennsylvania State System Of Higher Education,,,,,,29957033.0,,Governor,,True
Joan L. Bildner,Governor,Rutgers State University Of New Jersey,,,,,,102322142.0,186380.0,Trustee,,True
Ruben Cardona,Governor,Rutgers State University Of New Jersey,,,,,,102322142.0,186380.0,Trustee,,True
Enrica Gloe Chretien,Assistant Secretary,Rutgers State University Of New Jersey,,,,,,102322142.0,186380.0,Other Board Member,,True
Anthony S. Cicatiello,Governor,Rutgers State University Of New Jersey,,,,,,102322142.0,186380.0,Trustee,,True
Kevin J. Collins,Governor,Rutgers State University Of New Jersey,,,,,,102322142.0,186380.0,Trustee,,True
"Louie CrewAlbert Gamper, Jr",Faculty Representative Governor,Rutgers State University Of New Jersey,,,,,,102322142.0,186380.0,Other Board Member,,True
Harry W. Janes,Faculty Representative Governor,Rutgers State University Of New Jersey,,,,,,102322142.0,186380.0,Other Board Member,,True
Nancy L. Lane,Governor,Rutgers State University Of New Jersey,,,,,,102322142.0,186380.0,Trustee,,True
Francis L. Lawrence,President,Rutgers State University Of New Jersey,,,,,,102322142.0,186380.0,Board President,,True
Francis L. Lawrence,Ex Officio Governor,Rutgers State University Of New Jersey,,,,,,102322142.0,186380.0,"Trustee, Ex Officio",,True
Richard A. Levao,Vice Chairman,Rutgers State University Of New Jersey,,,,,,102322142.0,186380.0,Board Vice President,,True
Nancy Lotstein,Governor,Rutgers State University Of New Jersey,,,,,,102322142.0,186380.0,Trustee,,True
Gwendolyn McLoof,Student Representative Governor,Rutgers State University Of New Jersey,,,,,,102322142.0,186380.0,Other Board Member,,True
Eugene M. O'Hara,Governor,Rutgers State University Of New Jersey,,,,,,102322142.0,186380.0,Trustee,,True
Thomas A. Renyi,Governor,Rutgers State University Of New Jersey,,,,,,102322142.0,186380.0,Trustee,,True
Kurt T. Borowsky,Trustee,Seton Hall University,,,"Chairman, Van Beuren Management, Inc",,,12524447.0,186584.0,Regent,,True
"Rev. Msgr. John W. Flesey, S.T.D",Trustee,Seton Hall University,,,"Rector and Dean, Immaculate Conception Seminary School of Theology and Trustee",,,12524447.0,186584.0,Regent,,True
Msgr. John J. Gilchrist,Trustee,Seton Hall University,,,"Pastor, Holy Cross Church",,,12524447.0,186584.0,Regent,,True
Msgr. Walter Gorski,Trustee,Seton Hall University,,,"Administrator, Most Sacred Heart of Jesus Church",,,12524447.0,186584.0,Regent,,True
Jerome D. Greco,Trustee,Seton Hall University,,,"Consultant, First Union National Bank",,,12524447.0,186584.0,Regent,,True
Joseph P. LaSala,Trustee,Seton Hall University,,,"Partner, McElroy, Deutsch & Mulvaney",,,12524447.0,186584.0,Regent,,True
Kent Manahan,Trustee,Seton Hall University,,,"Senior Anchor, New Jersey Network",,,12524447.0,186584.0,Regent,,True
Most Rev. Theodore E. McCarrick,Chairman,Seton Hall University,,,Archbishop of Newark,,,12524447.0,186584.0,Board President,,True
"Very Rev. Thomas R. Peterson, O.PMsgr. Ronald Rozniak",Chancellor,Seton Hall University,,,"Vicar General, Archdiocese of Newark",,,12524447.0,186584.0,Board President,,True
"Very Rev. Thomas R. Peterson, O.PMsgr. Ronald Rozniak",Trustee,Seton Hall University,,,"Vicar General, Archdiocese of Newark",,,12524447.0,186584.0,Regent,,True
Thomas Sharkey,Trustee,Seton Hall University,,,"Chairman and Chief Executive Officer, Meeker Sharkey Financial Group, Inc",,,12524447.0,186584.0,Regent,,True
"Rev. Msgr. Robert Sheeran, S.T.D",President,Seton Hall University,,,Sandy Hill Foundation,,,12524447.0,186584.0,Board President,,True
"Rev. Msgr. Robert Sheeran, S.T.D",Trustee,Seton Hall University,,,Sandy Hill Foundation,,,12524447.0,186584.0,Regent,,True
"Frank E. Walsh, Jr",Trustee,Seton Hall University,,,"President, Essex County College",,,12524447.0,186584.0,Regent,,True
A. Zachary Yamba,Trustee,Seton Hall University,,,"President, Essex County College",,,12524447.0,186584.0,Regent,,True
"James M. Powers, Sr",Member,Tennessee Board Of Regents,,,,,,nan,,Regent,,True
Demetra Godsey Boyd,Regent,Tennessee Board Of Regents,,,,,,nan,,Regent,,True
Robert Jack Fishman,Regent,Tennessee Board Of Regents,,U Memphis,"Publisher and Editor, The Citizen Tribune",,,nan,,Regent,,True
Robert L. Gamble,Regent,Tennessee Board Of Regents,,,"President, Gamble Construction Company, Inc",,,nan,,Regent,,True
Clifford H. Henry,Regent,Tennessee Board Of Regents,,,"Vice President, First American Bank",,,nan,,Regent,,True
Ed Jernigan,Regent,Tennessee Board Of Regents,,Mid Tennessee State 1978,"President and Founder, The Jernigan Group",,,nan,,Regent,,True
Jane G. Kisber,Regent,Tennessee Board Of Regents,,Wellesley,"Executive Director, Jackson/Madison County Convention and Visitors' Bureau",,,nan,,Regent,,True
W. Keith McCord,Regent,Tennessee Board Of Regents,,Tennessee; Duke,"Senior Partner, MeCord, Troutman and Irwin, P.C",,,nan,,Regent,,True
Leslie Parks Pope,Regent,Tennessee Board Of Regents,,,"Chief Executive Officer, Parks Group",,,nan,,Regent,,True
J. Stanley Rogers,Regent,Tennessee Board Of Regents,,,"Senior Partner, Rogers, Richardson and Duncan",,,nan,,Regent,,True
Debora J. Seivers,Regent,Tennessee Board Of Regents,,Mid Tennessee State,"Partner, Ben Smith Consulting Company",,,nan,,Regent,,True
Maxine A. Smith,Regent,Tennessee Board Of Regents,,,Educator and Civil Rights Leader,,,nan,,Regent,,True
The Hon. Jane Walters,Ex Officio Regent,Tennessee Board Of Regents,,Rhodes; U Memphis; Duke,"Commissioner, Education, State of Tennessee",,,nan,,"Regent, Ex Officio",,True
Demetra Godsey Boyd,Regent,Tennessee Board Of Regents,,,"Publisher and Editor, The Citizen Tribune",,,nan,,Regent,,True
Robert Jack Fishman,Regent,Tennessee Board Of Regents,,,"Publisher and Editor, The Citizen Tribune",,,nan,,Regent,,True
Robert L. Gamble,Regent,Tennessee Board Of Regents,,U Memphis,"President, Gamble Construction Company, Inc",,,nan,,Regent,,True
Clifford H. Henry,Regent,Tennessee Board Of Regents,,,"Vice President, First American Bank","Vice President, Paine Webber, Inc.; Member, Tennessee House of Representatives",,nan,,Regent,,True
Ed Jernigan,Regent,Tennessee Board Of Regents,,Mid Tennessee State 1978,"President and Founder, The Jernigan Group","President, Arthritis Foundation",,nan,,Regent,,True
Jane G. Kisber,Regent,Tennessee Board Of Regents,,Wellesley,"Executive Director, Jackson/Madison County Convention and Visitors' Bureau","Coordinator, Special Projects, Jackson Area Chamber of Commerce",,nan,,Regent,,True
W. Keith McCord,Regent,Tennessee Board Of Regents,,Tennessee; Duke,"Senior Partner, McCord, Troutman and Irwin, P.C",,,nan,,Regent,,True
Leslie Parks Pope,Regent,Tennessee Board Of Regents,,,"Chief Executive Officer, Parks Group","Chairman, Parks Belk Company",,nan,,Regent,,True
J. Stanley Rogers,Regent,Tennessee Board Of Regents,,,"Senior Partner, Rogers, Richardson and Duncan; Chairman, Tennessee Appellate Court Judicial Selection Commission; Member, Tennessee House of Representatives",,,nan,,Regent,,True
Debora J. Seivers,Regent,Tennessee Board Of Regents,,Mid Tennessee State,"Partner, Ben Smith Consulting Company; Executive Assistant to Governor Ned MeWherter",,,nan,,Regent,,True
Maxine A. Smith,Regent,Tennessee Board Of Regents,,,"Educator and Civil Rights Leader; President, Memphis Board of Education, 1991-92",,,nan,,Regent,,True
The Hon. Jane Walters,Ex Officio Regent,Tennessee Board Of Regents,,Rhodes; U Memphis; Duke,"Principal, Craigmont Junior/Senior High School",,,nan,,"Regent, Ex Officio",,True
The Hon. Riley C. Darnell,Ex Officio Member,Tennessee Board Of Regents,,Austin Pay State 1962 BS; Vanderbilt 1965 JD,"Secretary of State, State of Tennessee",,,nan,,"Regent, Ex Officio",,True
Mark Apte,Trustee,University Of Akron,,,Vacant,,,110152177.0,200800.0,Regent,,True
Alex Arshinkoff,Chairman,University Of Akron,,,Vacant,,,110152177.0,200800.0,Board President,,True
John A. Fink,Trustee,University Of Akron,,,Vacant,,,110152177.0,200800.0,Regent,,True
Howard L. Flood,Trustee,University Of Akron,,,Vacant,,,110152177.0,200800.0,Regent,,True
Patricia L. Graves,Trustee,University Of Akron,,,Vacant,,,110152177.0,200800.0,Regent,,True
Raymond D. Meyo,Trustee,University Of Akron,,,Vacant,,,110152177.0,200800.0,Regent,,True
Michael Allen,Trustee,University Of Cincinnati,,,,,,63135867.0,201885.0,Regent,,True
Michael R. Barrett,Vice Chairman,University Of Cincinnati,,,,,,63135867.0,201885.0,Board Vice President,,True
Joseph T. Deters,Trustee,University Of Cincinnati,,,,,,63135867.0,201885.0,Regent,,True
Benjamin Gettler,Secretary,University Of Cincinnati,,,,,,63135867.0,201885.0,Other Board Member,,True
Joan R. Herschede,Trustee,University Of Cincinnati,,,,,,63135867.0,201885.0,Regent,,True
William J. Keating,Chairman,University Of Cincinnati,,,,,,63135867.0,201885.0,Board President,,True
Vikram V. Rajadhyaksha,Trustee,University Of Cincinnati,,,,,,63135867.0,201885.0,Regent,,True
"George A. Schaefer, Jr",Trustee,University Of Cincinnati,,,,,,63135867.0,201885.0,Regent,,True
George L. Strike,Trustee,University Of Cincinnati,,,,,,63135867.0,201885.0,Regent,,True
E. Edwards Barham,Regent,University Of Louisville,,,"Affiliation: Commissioner of Higher Education
150 3rd St., Ste. 129,
Baton Rouge, LA 70801-1389
Tel: (504) 342-4253 Fax: (504) 342-6926",,,142740786.0,157289.0,Trustee,,True
Harold Callais,Regent,University Of Louisville,,,,,,142740786.0,157289.0,Trustee,,True
Richard D'Aquin,Regent,University Of Louisville,,,,,,142740786.0,157289.0,Trustee,,True
Michael K. Dees,Regent,University Of Louisville,,,,,,142740786.0,157289.0,Trustee,,True
Reggie Dupre,Regent,University Of Louisville,,,,,,142740786.0,157289.0,Trustee,,True
John D. Georges,Regent,University Of Louisville,,,,,,142740786.0,157289.0,Trustee,,True
Frances T. Henry,Regent,University Of Louisville,,,,,,142740786.0,157289.0,Trustee,,True
John Keller,Regent,University Of Louisville,,,,,,142740786.0,157289.0,Trustee,,True
George L. Luffey,Regent,University Of Louisville,,,,,,142740786.0,157289.0,Trustee,,True
William T. Roberts,Regent,University Of Louisville,,,,,,142740786.0,157289.0,Trustee,,True
Mary Ella Sanders,Regent,University Of Louisville,,,,,,142740786.0,157289.0,Trustee,,True
E. Joseph Savoie,Regent,University Of Louisville,,,"Affiliation: Commissioner of Higher Education
150 3rd St., Ste. 129,
Baton Rouge, LA 70801-1389
Tel: (504) 342-4253 Fax: (504) 342-6926",,,142740786.0,157289.0,Trustee,,True
Norbert A. Simmons,Regent,University Of Louisville,,,,,,142740786.0,157289.0,Trustee,,True
Pat A. Strong,Regent,University Of Louisville,,,,,,142740786.0,157289.0,Trustee,,True
Barbara Thorne-Thomsen,Regent,University Of Louisville,,,,,,142740786.0,157289.0,Trustee,,True
Roland M. Toups,Regent,University Of Louisville,,,,,,142740786.0,157289.0,Trustee,,True
Phillip R. Dixon,Vice Chairman,University Of North Carolina System,,,,,,4210158053.0,,Board Vice President,,True
Ronald E. Dowdy,Trustee,University Of North Carolina System,,,,,,4210158053.0,,Governor,,True
"Charles R. Franklin, Jr",Secretary,University Of North Carolina System,,,,,,4210158053.0,,Other Board Member,,True
Dan V. Kinlaw,Trustee,University Of North Carolina System,,,,,,4210158053.0,,Governor,,True
Willie C. Martin,Trustee,University Of North Carolina System,,,,,,4210158053.0,,Governor,,True
Lyda T. Mihalyi,Trustee,University Of North Carolina System,,,,,,4210158053.0,,Governor,,True
"H. E. Rayfield, Jr",Chairman,University Of North Carolina System,,,,,,4210158053.0,,Board President,,True
Betty S. Speir,Trustee,University Of North Carolina System,,,,,,4210158053.0,,Governor,,True
Robert A. Ward,Trustee,University Of North Carolina System,,,,,,4210158053.0,,Governor,,True
David Jordan Whichard III,Trustee,University Of North Carolina System,,,,,,4210158053.0,,Governor,,True
Walter L. Williams,Trustee,University Of North Carolina System,,,,,,4210158053.0,,Governor,,True
"Henry G. Williamson, Jr.",Trustee,University Of North Carolina System,,,,,,4210158053.0,,Governor,,True
Herbert C. Adams,Trustee,University Of South Carolina,,,,,,155781252.0,218663.0,Member,,True
Arthur S. Bahnmuller,Trustee,University Of South Carolina,,,,,,155781252.0,218663.0,Member,,True
David M. Beasley,Ex Officio Chairman,University Of South Carolina,,South Carolina JD,Governor. South Carolina,,,155781252.0,218663.0,"Board President, Ex Officio",,True
James Bradley,Trustee,University Of South Carolina,,,,,,155781252.0,218663.0,Member,,True
"Mark W. Buck, Jr","President, Alumni Association",University Of South Carolina,,,,,,155781252.0,218663.0,Board President,,True
"Mark W. Buck, Jr",Ex Officio Trustee,University Of South Carolina,,,,,,155781252.0,218663.0,"Member, Ex Officio",,True
William W. Doar. Jr.,Trustee,University Of South Carolina,,,,,,155781252.0,218663.0,Member,,True
C. Edward Floyd,Trustee,University Of South Carolina,,,,,,155781252.0,218663.0,Member,,True
Samuel R. Foster II,Trustee,University Of South Carolina,,,,,,155781252.0,218663.0,Member,,True
William M. Gregg I,Trustee,University Of South Carolina,,,,,,155781252.0,218663.0,Member,,True
Helen C. Harvey,Trustee,University Of South Carolina,,,,,,155781252.0,218663.0,Member,,True
William C. Hubbard,Trustee,University Of South Carolina,,,,,,155781252.0,218663.0,Member,,True
Toney J. Lister,Trustee,University Of South Carolina,,,,,,155781252.0,218663.0,Member,,True
Miles Loadholt,Trustee,University Of South Carolina,,,,,,155781252.0,218663.0,Member,,True
Robert N. McLellan,Trustee,University Of South Carolina,,,,,,155781252.0,218663.0,Member,,True
J. DuPre Miller,Trustee,University Of South Carolina,,,,,,155781252.0,218663.0,Member,,True
Michael J. Mungo,Trustee,University Of South Carolina,,,,,,155781252.0,218663.0,Member,,True
The Hon. Barbara S. Nielsen,Trustee,University Of South Carolina,,,,,,155781252.0,218663.0,Member,,True
M. Wayne Staton,Trustee,University Of South Carolina,,,,,,155781252.0,218663.0,Member,,True
Thomas L. Stepp,Trustee,University Of South Carolina,,,,,,155781252.0,218663.0,Member,,True
John C. vonLehe,Trustee,University Of South Carolina,,,,,,155781252.0,218663.0,Member,,True
"Mack I. Whittle, Jr",Trustee,University Of South Carolina,,,,,,155781252.0,218663.0,Member,,True
"Othniel H. Wienges, Jr.",Trustee,University Of South Carolina,,,,,,155781252.0,218663.0,Member,,True
The Hon. Riley C. Darnell,Ex Officio Member,University Of Tennessee System,,,"Secretary of State, State of Tennessee",,,2799495847.0,,"Trustee, Ex Officio",,True
The Hon. Steve Adams.,Ex Officio Member,University Of Tennessee System,,,"Treasurer, State of Tennessee",,,2799495847.0,,"Trustee, Ex Officio",,True
William Ransom Jones,Member,University Of Tennessee System,,,,,,2799495847.0,,Trustee,,True
Angela Marie Neal,Ex Officio Member,University Of Tennessee System,,,,,,2799495847.0,,"Trustee, Ex Officio",,True
John L. Parish,Member,University Of Tennessee System,,,,,,2799495847.0,,Trustee,,True
June Scobee Rodgers,Member,University Of Tennessee System,,,,,,2799495847.0,,Trustee,,True
The Hon. William R. Snodgrass.,Vice Chairman,University Of Tennessee System,,,"Comptroller, State of Tennessee",,,2799495847.0,,Board Vice President,,True
Lisa Verble,Member,University Of Tennessee System,,,,,,2799495847.0,,Trustee,,True
Debby Patterson Koch,Secretary,University Of Tennessee System,,,,,,2799495847.0,,Other Board Member,,True
Joe Lancaster,Member,University Of Tennessee System,,,,,,2799495847.0,,Trustee,,True
Wanda McMahan,Vice Chairman,University Of Tennessee System,,,,,,2799495847.0,,Board Vice President,,True
Reed Pond,Ex Officio Member,University Of Tennessee System,,,,,,2799495847.0,,"Trustee, Ex Officio",,True
"James M. Powers, Sr",Member,University Of Tennessee System,,,"Executive Director, State Board of Education",,,2799495847.0,,Trustee,,True
J. V. Sailors,Ex Officio Member,University Of Tennessee System,,,"Comptroller, State of Tennessee State Capitol, Nashville, TN 37243-0260",,,2799495847.0,,"Trustee, Ex Officio",,True
Jeanette G. Grasselli Brown,Regent,University Of Toledo,,Ohio BS; Case Western MS,,,,90871651.0,206084.0,Trustee,,True
Michael A. Fox,Ex Officio Regent,University Of Toledo,,,,,,90871651.0,206084.0,"Trustee, Ex Officio",,True
Gerald H. Gordon,Regent,University Of Toledo,,"Cleveland State BA, MA","President and Chief Operating Officer, Sun Media Corporation",,,90871651.0,206084.0,Trustee,,True
Merle G. Kearns,Ex Officio Regent,University Of Toledo,,,"Member, Ohio Senate",,,90871651.0,206084.0,"Trustee, Ex Officio",,True
"Tahlman Krumm, Jr.",Vice Chairman,University Of Toledo,,South Florida BA; Ohio State PhD,"Founder and Chairman, Avalanche Creek Projects Group",,,90871651.0,206084.0,Board Vice President,,True
Elizabeth K. Lanier,Chairperson,University Of Toledo,,Smith BA; Columbia JD,"Vice President and Chief of Staff, Cinergy Corp",,,90871651.0,206084.0,Board President,,True
Gerald M. Miller,Regent,University Of Toledo,,,"Chairman and Managing Partner, Miller-Valentine Group",,,90871651.0,206084.0,Trustee,,True
Thomas W. Noe,Regent,University Of Toledo,,,"President, Vintage Coins and Cards; Chairman, Lucas County Republican Party, 1992-95",,,90871651.0,206084.0,Trustee,,True
Stephen A. Perry,Regent,University Of Toledo,,Akron BS; Stanford MS,"Vice President, Human Resources and Logistics, The Timken Company; Chairman, Timken Mercy Medical Center; Chairman, Stark County District Library Board",,,90871651.0,206084.0,Trustee,,True
J. Gilbert Reese,Regent,University Of Toledo,,"Ohio State BA, JD","Senior Partner, Reese, Pyle, Drake and Meyer; Chairman, College of Law National Council, Ohio State University; Chairman, Licking County Foundation",,,90871651.0,206084.0,Trustee,,True
Ralph E. Schey,Regent,University Of Toledo,,Ohio BS; Harvard MBA,"Chairman and Chief Executive Officer, The Scott Fetzer Company",,,90871651.0,206084.0,Trustee,,True
Kenneth P. Burbidge,Trustee,University Of Utah,University of Utah,,,,,223532165.0,230764.0,Regent,,True
Louis H. Callister,Vice Chairman,University Of Utah,,,,,,223532165.0,230764.0,Board Vice President,,True
Gary L. Crocker,Trustee,University Of Utah,,,,,,223532165.0,230764.0,Regent,,True
Douglas Dubitsky,Trustee,University Of Utah,,,,,,223532165.0,230764.0,Regent,,True
Spencer F. Eccles,Treasurer,University Of Utah,,,,,,223532165.0,230764.0,Other Board Member,,True
Robert H. Garff,Trustee,University Of Utah,,,,,,223532165.0,230764.0,Regent,,True
James S. Jardine,Chairman,University Of Utah,,,,,,223532165.0,230764.0,Board President,,True
Claudia S. Luttrell,Trustee,University Of Utah,,,,,,223532165.0,230764.0,Regent,,True
Lorna H. Matheson,Trustee,University Of Utah,,,,,,223532165.0,230764.0,Regent,,True
John Price,Trustee,University Of Utah,,,,,,223532165.0,230764.0,Regent,,True
A. E. Rothermich,Secretary,University Of Utah,,,,,,223532165.0,230764.0,Other Board Member,,True
Shelley Thomas,Trustee,University Of Utah,,,,,,223532165.0,230764.0,Regent,,True
Loren C. Winterscheid,Trustee,University Of Washington,School of Medicine,,"Assistant to the Dean, Risk Management and Special Projects",,,201448701.0,236948.0,Regent,,True
Thomas D. Wogaman,Trustee,University Of Washington,,,Member of the Board,,,201448701.0,236948.0,Regent,,True
Barre G. Burgon,Trustee,Utah State University,,,,,,121980950.0,230728.0,Regent,,True
Willis G. Candland,Trustee,Utah State University,,,,,,121980950.0,230728.0,Regent,,True
Ryan J. Dent,Trustee,Utah State University,,,,,,121980950.0,230728.0,Regent,,True
Claudette Eastman,Trustee,Utah State University,,,,,,121980950.0,230728.0,Regent,,True
Gayle McKeachnie,Trustee,Utah State University,,,,,,121980950.0,230728.0,Regent,,True
David G. Moore,Trustee,Utah State University,,,,,,121980950.0,230728.0,Regent,,True
Lowell S. Peterson,Trustee,Utah State University,,,,,,121980950.0,230728.0,Regent,,True
Jed H. Pitcher,Chairman,Utah State University,,,,,,121980950.0,230728.0,Board President,,True
Melanie P. Raymond,Vice Chairman,Utah State University,,,,,,121980950.0,230728.0,Board Vice President,,True
Sara V. Sinclair,Trustee,Utah State University,,,,,,121980950.0,230728.0,Regent,,True
Philip Altheim,Vice Chairman,Yeshiva University,Albert Einstein College of Medicine,,,,,19772626.0,197708.0,Board Vice President,,True
Diane Belfer,Overseer,Yeshiva University,Albert Einstein College of Medicine,,,,,19772626.0,197708.0,Governor,,True
Renee Belfer,Overseer,Yeshiva University,Albert Einstein College of Medicine,,,,,19772626.0,197708.0,Governor,,True
Robert A. Belfer,Treasurer,Yeshiva University,Albert Einstein College of Medicine,,,,,19772626.0,197708.0,Other Board Member,,True
Edward H. Benenson,Overseer,Yeshiva University,Albert Einstein College of Medicine,,,,,19772626.0,197708.0,Governor,,True
Robert A. Bernhard,Overseer,Yeshiva University,Albert Einstein College of Medicine,,,,,19772626.0,197708.0,Governor,,True
Sol W. Cantor,Overseer,Yeshiva University,Albert Einstein College of Medicine,,,,,19772626.0,197708.0,Governor,,True
John D. Cohen,Overseer,Yeshiva University,Albert Einstein College of Medicine,,,,,19772626.0,197708.0,Governor,,True
Joan K. Eigen,Overseer,Yeshiva University,Albert Einstein College of Medicine,,,,,19772626.0,197708.0,Governor,,True
Betty Feinberg,Overseer,Yeshiva University,Albert Einstein College of Medicine,,,,,19772626.0,197708.0,Governor,,True
Lester Fisher,Overseer,Yeshiva University,Albert Einstein College of Medicine,,,,,19772626.0,197708.0,Governor,,True
Neal E. Flomenbaum,Overseer,Yeshiva University,Albert Einstein College of Medicine,,,,,19772626.0,197708.0,Governor,,True
Sylvia Olnick Golber,Overseer,Yeshiva University,Albert Einstein College of Medicine,,,,,19772626.0,197708.0,Governor,,True
Jay N. Goldberg,Overseer,Yeshiva University,Albert Einstein College of Medicine,,,,,19772626.0,197708.0,Governor,,True
Murray A. Goldstein,Overseer,Yeshiva University,Albert Einstein College of Medicine,,,,,19772626.0,197708.0,Governor,,True
David S. Gottesman,Overseer,Yeshiva University,Albert Einstein College of Medicine,,,,,19772626.0,197708.0,Governor,,True
Diane Hallenbeck,Overseer,Yeshiva University,Albert Einstein College of Medicine,,,,,19772626.0,197708.0,Governor,,True
Jerry S. Handler,Overseer,Yeshiva University,Albert Einstein College of Medicine,,,,,19772626.0,197708.0,Governor,,True
Gedale Horowitz,Overseer,Yeshiva University,Albert Einstein College of Medicine,,,,,19772626.0,197708.0,Governor,,True
Morton P. Hyman,Overseer,Yeshiva University,Albert Einstein College of Medicine,,,,,19772626.0,197708.0,Governor,,True
Stephen R. Karafiol,Overseer,Yeshiva University,Albert Einstein College of Medicine,,,,,19772626.0,197708.0,Governor,,True
Marilyn Katz,Overseer,Yeshiva University,Albert Einstein College of Medicine,,,,,19772626.0,197708.0,Governor,,True
Stanley M. Katz,Overseer,Yeshiva University,Albert Einstein College of Medicine,,,,,19772626.0,197708.0,Governor,,True
Paul J. Konigsberg,Overseer,Yeshiva University,Albert Einstein College of Medicine,,,,,19772626.0,197708.0,Governor,,True
Saul Kramer,Vice Chairman,Yeshiva University,Albert Einstein College of Medicine,,,,,19772626.0,197708.0,Board Vice President,,True
Charles A. Krasne,Overseer,Yeshiva University,Albert Einstein College of Medicine,,,,,19772626.0,197708.0,Governor,,True
Ira Kukin,Overseer,Yeshiva University,Albert Einstein College of Medicine,,,,,19772626.0,197708.0,Governor,,True
Norman Lamm,President,Yeshiva University,Albert Einstein College of Medicine,,,,,19772626.0,197708.0,Board President,,True
Norman Lamm,Overseer,Yeshiva University,Albert Einstein College of Medicine,,,,,19772626.0,197708.0,Governor,,True
Jay B. Langner,Overseer,Yeshiva University,Albert Einstein College of Medicine,,,,,19772626.0,197708.0,Governor,,True
Milton Levin,Overseer,Yeshiva University,Albert Einstein College of Medicine,,,,,19772626.0,197708.0,Governor,,True
David S. Mack,Overseer,Yeshiva University,Albert Einstein College of Medicine,,,,,19772626.0,197708.0,Governor,,True
Ira M. Millstein,Vice Chairman,Yeshiva University,Albert Einstein College of Medicine,,,,,19772626.0,197708.0,Board Vice President,,True
Nancy Oelbaum,Overseer,Yeshiva University,Albert Einstein College of Medicine,,,,,19772626.0,197708.0,Governor,,True
Sidney L. Olson,Overseer,Yeshiva University,Albert Einstein College of Medicine,,,,,19772626.0,197708.0,Governor,,True
Samuel R. Patent,Overseer,Yeshiva University,Albert Einstein College of Medicine,,,,,19772626.0,197708.0,Governor,,True
Arnold S. Penner,Overseer,Yeshiva University,Albert Einstein College of Medicine,,,,,19772626.0,197708.0,Governor,,True
Joel I. Picket,Overseer,Yeshiva University,Albert Einstein College of Medicine,,,,,19772626.0,197708.0,Governor,,True
Burton P. Resnick,Chairman,Yeshiva University,Albert Einstein College of Medicine,,,,,19772626.0,197708.0,Board President,,True
Pearl Resnick,Overseer,Yeshiva University,Albert Einstein College of Medicine,,,,,19772626.0,197708.0,Governor,,True
Toby G. Ritter,Vice Chairman,Yeshiva University,Albert Einstein College of Medicine,,,,,19772626.0,197708.0,Board Vice President,,True
Philip Rosen,Overseer,Yeshiva University,Albert Einstein College of Medicine,,,,,19772626.0,197708.0,Governor,,True
Rita Rosen,Overseer,Yeshiva University,Albert Einstein College of Medicine,,,,,19772626.0,197708.0,Governor,,True
Judy R. Rosenberg,Secretary,Yeshiva University,Albert Einstein College of Medicine,,,,,19772626.0,197708.0,Other Board Member,,True
Howard J. Rubenstein,Overseer,Yeshiva University,Albert Einstein College of Medicine,,,,,19772626.0,197708.0,Governor,,True
Samuel J. Weinberg,Overseer,Yeshiva University,Albert Einstein College of Medicine,,,,,19772626.0,197708.0,Governor,,True
Elliot K. Wolk,Overseer,Yeshiva University,Albert Einstein College of Medicine,,,,,19772626.0,197708.0,Governor,,True
Zygfryd B. Wolloch,Overseer,Yeshiva University,Albert Einstein College of Medicine,,,,,19772626.0,197708.0,Governor,,True
Roy J. Zuckerberg,Overseer,Yeshiva University,Albert Einstein College of Medicine,,,,,19772626.0,197708.0,Governor,,True
John E. Zucotti,Overseer,Yeshiva University,Albert Einstein College of Medicine,,,,,19772626.0,197708.0,Governor,,True
Richard B. Stone.,Trustee,City University Of New York,,,"Wilbur H. Friedman Professor, Tax Law, Columbia UniversityCareer: Assistant to the Solicitor General, United States Department of Justice, 1969-73; Tax Counsel, Cleary, Gottlieb, Steen and Hamilton, 1982-84",,,174216632.0,,Trustee,,True
Bernard Sohmer,Ex Officio Trustee,City University Of New York,,,,,,174216632.0,,"Trustee, Ex Officio",,True
Bernard Sohmer,"Chairman, University Faculty Senate",City University Of New York,,,,,,174216632.0,,Board President,,True
Patricia B. Spence,Vice Chairperson,University Of Minnesota,,Minnesota BS,"Mayor, Little Falls, MN; Economic Development Director, Morrison County, MN",,,130238516.0,174066.0,Board Vice President,,True
