Name,Position,Institution,SubInstitution,Education,Other Affiliation,Career,Notes,AffiliationId,carnegie_id,PrimarySample,FixedPosition
Royce L. Money,President,Abilene Christian University,,,,,,60205797.0,222178.0,False,President
Matthew Goldstein,President,Adelphi University,,,,,,71965598.0,188429.0,True,President
Mary Brown Bullock,President,Agnes Scott College,,,,,,64506506.0,138600.0,False,President
Peter T. Mitchell,President,Albion College,,Albion 1967 Ba; Michigan 1968 Ma; Indiana 1972 Eds; Northeastern 1981 Edd,,,,45644089.0,168546.0,False,President
"Edward G. Coll, Jr",President,Alfred University,,,,,,49502546.0,188641.0,False,President
Richard J. Cook,President,Allegheny College,,"Michigan 1969 Bs; Princeton Ma, 1973 Phd","Chairman, Chemistry Departmentkalamazoo College; Chairman, Division Of Natural Sciences And Mathematics, Kalamazoo College; Member, Working Group On Waste Incineration, U.S. Congressional Office Of Technology Assessment; Vice Chairman, Michigan Toxic Substance Control Commission; Gubernatorial Appointee, Michigan Environmental Science Board; Provost, Kalamazoo College",,,120506574.0,210669.0,False,President
Benjamin Ladner,President,American University,,Baylor Ba; Duke Phd,"President, National Faculty; Professor, University Of North Carolina-Greensboro",,,181401687.0,131159.0,True,President
Tom Gerety,President,Amherst College,,"Yale 1969 Ba, 1974 Mphil, 1976 Jd, 1976 Phd","Professor, Law, University Of Pittsburgh, 1978-86; Dean And Nippert Professor, College Of Law, University Of Cincinnati, 1986-89; Professor, Philosophy, College Of Arts And Sciences, University Of Cincinnati, 1986-89; Chairman, City Of Hartford Ethics Task Force, 1990-91; Chairman, New England Small College Athletic Conference, 1991-92; President And Professor, Philosophy, Trinity College, Hartford, 1989-94",,,177605424.0,164465.0,False,President
Niels-Erik A. Andreasen,President,Andrews University,,,,,,102298084.0,168740.0,True,President
Harry J. Knopke,President,Aquinas College,,"Wisconsin Ms, Phd","Vice President, Student Affairs And Professor, Behavioral And Community Medicine, University Of Alabama",,,98905627.0,168786.0,False,President
Lattie F. Coor,President,Arizona State University,,,,,,55732556.0,104151.0,True,President
Thomas R. Plough,President,Assumption College,,"Michigan State 1963 Ba, 1965 Ma, 1971 Phd","Dean Of Students, Alma College, 1966-71; Associate Vice President, Rochester Institute Of Technology, 1972-79; Executive Dean And Chief Administrative Officer, Eisenhower College, 1980-82; Provost And Vice President, Academic Affairs, Rochester Institute Of Technology, 1983-90; Provost And Executive Vice President, Rochester Institute Of Technology, 1991-94; President, North Dakota State University, 1995-98",,,145210474.0,164562.0,False,President
William V. Muse,President,Auburn University,,,,,,82497590.0,100858.0,True,President
Sal D. Rinella,President,Austin Peay State University,,Ohio Ba; Cleveland State Med; Vanderbilt Phd,,,,184692499.0,219602.0,False,President
Daniel M. Lambert,President,Baker University,,,,,,82462995.0,154688.0,False,President
Neal Malicky,President,Baldwin Wallace College,,,,,,115364640.0,201195.0,False,President
John E. Worthen,President,Ball State University,,Northwestern Bs; Columbia Ma; Harvard Edd,,,,198089087.0,150136.0,True,President
Leon Botstein,President,Bard College,,,,,,39661318.0,189088.0,False,President
Judith R. Shapiro,President,Barnard College,,,,,,98540497.0,189097.0,False,President
"Sr. Jeanne 'Laughlin, O.P",President,Barry University,,,,,,151583259.0,132471.0,False,President
Donald West Harward,President,Bates College,,,,,,37415318.0,160977.0,False,President
Robert B. Sloan,President,Baylor University,,,,,,157394403.0,223232.0,True,President
Bette E. Landman,President,Beaver College,,"Bowling Green State 1959; Ohio State 1961, 1972",Administration,,,51204116.0,211088.0,False,President
"Joseph J. Mcgowan, Jr",President,Bellarmine College,,"Notre Dame Ba, Ma; Columbia Edd",,,,872719.0,156286.0,False,President
William E. Troutt,President,Belmont University,,Union U Ba; Louisville Ma,,,,47500176.0,219709.0,False,President
"Victor E. Ferrall, Jr",President,Beloit College,,"Oberlin Ab; Yale Ma, Llb",,,,76369901.0,238333.0,False,President
Clyde Cook,President,Biola University,,,,,,152479009.0,110097.0,True,President
Neal R. Berte,President,Birmingham Southern College,,"Cincinnati 1962 Ba, 1963 Ma, 1966 Edd",,,,41112366.0,100937.0,False,President
"Rev. William P. Leahy, S.J",President,Boston College,,Stanford Phd,,,,103531236.0,164924.0,True,President
Jon Westling,President,Boston University,,,,,,111088046.0,164988.0,True,President
Robert H. Edwards,President,Bowdoin College,,,,,,135474949.0,161004.0,False,President
Sidney A. Ribeau,President,Bowling Green State University,,"Wayne State 1971 Ba; Illinois 1973 Ma, 1979 Phd","Professor And Chairman, Pan African Studies Department, California State University, Los Angeles, 1976-87; Dean, Undergraduate Studies, California State University, San Bernadino, 1987-92; Vice President, Academic Affairs, Cal Poly Pomona, 1992-96",,,157417397.0,201441.0,True,President
John R. Brazil,President,Bradley University,,,,,,24648388.0,143358.0,False,President
Jehuda Reinharz,President,Brandeis University,,,,,,6902469.0,165015.0,True,President
John S. Burd,President,Brenau University,,,,,,91042652.0,139199.0,False,President
Merrill J. Bateman,President,Brigham Young University,,,,,,100005738.0,230038.0,True,President
E. Gordon Gee,President,Brown University,,,,,,27804330.0,217156.0,True,President
Nancy J. Vickers,President,Bryn Mawr College,,"Mount Holyoke 1967 Ba; Yale 1971 Ma, 1976 Phd","Professor, French And Italian, Dartmouth College; Professor, French, Italian And Comparative Literature, University Of Southern California, 1987-97; Dean, Curriculum And Instruction, College Of Letters, Arts, And Sciences, University Of Southern California, 1994-97",,,102373834.0,211273.0,False,President
William Drea Adams,President,Bucknell University,,,,,,131221577.0,211291.0,False,President
Geoffrey Bannister,President,Butler University,,,,,,110678235.0,150163.0,False,President
David Baltimore,President,California Institute Of Technology,,,,,,122411786.0,110404.0,True,President
Luther S. Luedtke,President,California Lutheran University,,,,,,176611909.0,110413.0,False,President
Charles B. Reed,Chancellor,California State University System,,,,,,127339247.0,,False,President
Jerry Aspland,President (Acting),California Maritime Academy,,,,,,230604491.0,111188.0,False,President
Warren J. Baker,President,California Polytechnic State University San Luis Obispo,,,,,,149919469.0,110422.0,False,President
Bob H. Suzuki,President,California State Polytechnic University Pomona,,"Uc Berkeley 1960 Bs; Cal Tech 1962 Ms, 1967 Phd",,,,98947143.0,110529.0,False,President
Tomas A. Arciniega,President,California State University Bakersfield,,New Mexico Phd,,,,118839592.0,110486.0,False,President
J. Handel Evans,President,California State University Channel Islands,,,Member Of The Board,,,194388944.0,441937.0,False,President
Manuel A. Esteban,President,California State University Chico,,,,,,36053171.0,110538.0,False,President
(Acting) Herbert L. Carter*,President,California State University Dominguez Hills,,,,,,290598920.0,110547.0,False,President
John D. Welty,President,California State University Fresno,,,,,,67328108.0,110556.0,True,President
Milton A. Gordon,President,California State University Fullerton,,,,,,142934699.0,110565.0,True,President
Norma S. Rees,President,California State University Hayward,,,,,,184813773.0,110574.0,True,President
Robert C. Mason,President,California State University Long Beach,,,,,,59897056.0,110583.0,True,President
James M. Rosser,President,California State University Los Angeles,,,,,,27825529.0,110592.0,False,President
Peter P. Smith,President,California State University Monterey Bay,,,,,,135369504.0,409698.0,False,President
Blenda J. Wilson,President,California State University Northridge,,Cedar Crest 1962 Ab; Seton Hall 1965 Ma; Boston Col 1979 Phd,,,,157638225.0,110608.0,False,President
Donald R. Gerth,President,California State University Sacramento,,,,,,43522216.0,110617.0,False,President
Albert Karnig,President,California State University San Bernardino,,,,,,43369023.0,110510.0,True,President
Alexander Gonzalez,President,California State University San Marcos,,,,,,226560621.0,366711.0,False,President
Marvalene Hughes,President,California State University Stanislaus,,,,,,197875241.0,110495.0,False,President
Alistair W. Mccrone,President,Humboldt State University,,,,,,192389796.0,115755.0,False,President
Stephen L. Weber,President,San Diego State University,,,,,,26538001.0,122409.0,True,President
Robert A. Corrigan,President,San Francisco State University,,,,,,71838634.0,122597.0,True,President
Robert L. Caret,President,San Jose State University,,,,,,51504820.0,122755.0,False,President
Ruben Arminana,President,Sonoma State University,,,,,,158011677.0,123572.0,False,President
Gaylen J. Byker,President,Calvin College,,,,,,163795733.0,169080.0,False,President
Norman Adrian Wiggins,President,Campbell University,,,,,,132446568.0,198136.0,False,President
Ronald J. Volpe,President (Acting),Capital University,,,,,,139787848.0,201548.0,False,President
"Stephen R. Lewis, Jr.",President,Carleton College,,,,,,188497080.0,173258.0,False,President
Jared L. Cohon,President,Carnegie Mellon University,,,,,,74973139.0,211440.0,True,President
F. Gregory Campbell,President,Carthage College,,,,,,176902721.0,238476.0,False,President
Agnar Pytte*,President,Case Western Reserve University,,,,,,58956616.0,201645.0,True,President
"Very Rev. David M. O'Connell, C.M",President,Catholic University Of America,,,,,,84470341.0,131283.0,True,President
Kenneth L. Schwab,President,Centenary College Of Louisiana,,,,,,95574288.0,183974.0,False,President
Leonard E. Plachta,President,Central Michigan University,,"Detroit Bs, Mba; Michigan State Phd",,,,1629065.0,169248.0,True,President
Ivory N. Nelson,President,Central Washington University,,,Administration,,,29867402.0,234827.0,False,President
John A. Roush,President,Centre College,,"Ohio Ba; Miami U (Oh) Ma, Phd",,,,12162268.0,156408.0,False,President
James L. Doti,President,Chapman University,Vacant,,,,,185071736.0,111948.0,True,President
"Carol Jean Vale, S.S.J",President,Chestnut Hill College,,"Chestnut Hill Ab; Fordham Ma, Phd",,,,202522242.0,211583.0,False,President
Br. Michael J. Mcginniss,President,Christian Brothers University,,,,,,102015815.0,219833.0,False,President
Maj. Gen. John S. Grinalds,President,Citadel,,,,,,91036609.0,217864.0,False,President
Christoph M. Kimmich,Chancellor (Acting),City University Of New York,,,,,,174216632.0,,False,President
Lois S. Cronholm,President,Bernard M Baruch College,,,,,,141810926.0,190512.0,False,President
Vernon E. Lattin,President,Brooklyn College,,"New Mexico 1960 Bba, 1965 Ma; Colorado 1970 Phd","Career: English Instructor, Wright State University; Associate Professor And Director, Center For Latino And Latin American Studies, Northern Illinois University, 1974-81; Associate Vice President, Academic Affairs, University Of Wisconsin System, 1982-88; Vice President And Provost, Arizona State University West, Phoenix",,,83041322.0,190549.0,False,President
Yolanda T. Moses,President,City College Of New York,,,,,,125687163.0,190567.0,True,President
Edison O. Jackson,President,Medgar Evers College,,,,,,32170380.0,190646.0,False,President
David A. Caputo,President,Hunter College,,,,,,39694355.0,190594.0,False,President
Gerald W. Lynch,President,John Jay College Of Criminal Justice,,,,,,92507152.0,190600.0,False,President
Ricardo R. Fernandez,President,Herbert H Lehman College,,"Marquette Ba, Ma; Princeton Ma, Phd",,,,161301626.0,190637.0,False,President
Emilie A. Cozzi,President (Acting),New York City Technical College,,,,,,,,False,President
Allen Lee Sessoms,President,Queens College Cuny,,,,,,111455621.0,190664.0,False,President
Marlene Springer,President,College Of Staten Island,,,,,,142393192.0,190558.0,False,President
Charles C. Kidd,President,York College,,,,,,150397245.0,190691.0,False,President
Jack L. Stark,President,Claremont Mckenna College,,,,,,106107269.0,112260.0,False,President
"Thomas W. Cole, Jr.",President,Clark Atlanta University,,,,,,52064589.0,138947.0,True,President
Richard P. Traina,President,Clark University,,,,,,130785548.0,165334.0,True,President
Denny Brown,President,Clarkson University,,,,,,16944753.0,190044.0,True,President
Constantine W. Curris,President,Clemson University,,,,,,8078737.0,217882.0,True,President
Claire A. Van Ummersen,President,Cleveland State University,,,,,,102607778.0,202134.0,True,President
William R. Cotter,President,Colby College,,,,,,27504731.0,161086.0,False,President
Neil R. Grabois,President,Colgate University,,"Swarthmore Ba; Pennsylvania Ma, Phd; Williams Lld",,,,39660569.0,190099.0,False,President
"Alexander M. Sanders, Jr",President,College Of Charleston,,,,,,204593131.0,217819.0,False,President
"Francis Marie Thrailkill, O.S.U",President,College Of Mount St Joseph,,Nova Edd,"Chaplain, Good Samaritan Hospital And Health Center",,,147569298.0,204200.0,False,President
Harold W. Eickhoff*,"President (Until January 1, 1999)",College Of New Jersey,,,,,,64281891.0,187134.0,False,President
Mary Pat Seurkamp,President,College Of Notre Dame Of Maryland,,,,,,15881279.0,163578.0,False,President
"Andrea J. Lee, I.H.M.",President,College Of St Catherine,,"Northeastern Illinois Ba; Penn State Med, Phd",Marygrove Senior Housing Corporation,,,142767807.0,175005.0,False,President
Larry Goodwin,President (Acting),College Of St Scholastica,,,,,,181761882.0,174899.0,False,President
Frank Vellaccio,President,College Of Holy Cross,,Mit Phd,,,,107139065.0,166124.0,False,President
Timothy J. Sullivan,President,College Of William And Mary,,William & Mary Ab; Harvard Jd,,,,16285277.0,231624.0,True,President
"Raleigh Stanton Hales, Jr.*",President,College Of Wooster,,Pomona 1964 Ba; Harvard 1965 Ma 1970 Phd,,,,118746106.0,206589.0,False,President
Kathryn Jagow Mohrman,President,Colorado College,,,,,,189774192.0,126678.0,False,President
Theodore A. Bickart,President,Colorado School Of Mines,,"Johns Hopkins Bs, Ms, Phd",,,,167576493.0,126775.0,True,President
Albert C. Yates,Chancellor,Colorado State University,,Memphis State Bs; Indiana Phd,,,,92446798.0,126818.0,True,President
Stephen A. Roderick,President (Acting),Fort Lewis College,,,,,,149471917.0,127185.0,False,President
Tito Guerrero Iii,President,University Of Southern Colorado,,Texas A&M 1970 Bs; North Texas 1971 Ma; Harvard 1977 Phd,"Provost And Vice President, Academic Affairs, Texas A&M University-Corpus Christi, 1991-97",,,114312114.0,128106.0,False,President
George Rupp,President,Columbia University,,,,,,78577930.0,190150.0,True,President
Rev. George C. Heider,President,Concordia University,,,,,,19406000.0,144351.0,False,President
Claire L. Gaudiani,President,Connecticut College,,"Connecticut Col 1966 Ba: Indiana 1969 Ma, 1975 Phd",,,,4498119.0,128902.0,False,President
Sandra C. Thomas,President,Converse College,,,,,,206204273.0,217961.0,False,President
Hunter R. Rawlings Iii,President,Cornell University,,Princeton 1970 Phd,"Vice President, Academic Affairs And Research, University Of Colorado",,,205783295.0,190415.0,True,President
"Rev. Michael G. Morrison, S.J",President,Creighton University,,,,,,114493937.0,181002.0,True,President
James E. Wright*,President,Dartmouth College,,,,,,107672454.0,182670.0,True,President
Robert Vagt,President,Davidson College,,"Davidson Ba; Yale Stm; Princeton Ma, Phd",,,,141720752.0,198385.0,False,President
Dale T. Knobel,President,Denison University,,Yale Ba; Northwestern Phd,,,,20577493.0,202523.0,False,President
"Rev. John P. Minogue, C.M",President,Depaul University,,Depaul Ma; St Mary Of The Lake Phd,"Assistant Professor, Clinical Obstetrics And Gynecology, Northwestern University",,,118353179.0,144740.0,True,President
Robert G. Bottoms,President,Depauw University,,Birmingham-Southern 1966 Ba; Emory 1969 Bd; Vanderbilt 1972 Dmin,,,,12113309.0,150400.0,False,President
A. Lee Fritschler,President,Dickinson College,,"Union Col (Ny) 1959 Ba; Syracuse 1960 Mpa, 1965 Phd; Dickinson 1993 Lld",,,,121058860.0,212009.0,False,President
Donna M. Carroll*,President,Dominican University,,,,,,189917405.0,148496.0,False,President
Robert D. Ray,President,Drake University,,,,,,87213936.0,153269.0,False,President
The Hon. Thomas H. Kean*,President,Drew University,,Princeton Ab; Columbia Ma,"Career: Governor, State Of New Jersey",,,177880774.0,184348.0,False,President
Constantine N. Papadakis,President,Drexel University,,,,,,72816309.0,212054.0,True,President
"John E. Moore, Jr",President,Drury College,,,,,,95144958.0,177214.0,False,President
Nannerl Overholser Keohane,President,Duke University,,,,,,170897317.0,198419.0,True,President
"John E. Murray, Jr.*",President,Duquesne University,,,,,,165102784.0,212106.0,True,President
Douglas C. Bennett,President,Earlham College,,Haverford Ba; Yale Phd,,,,130712669.0,150455.0,False,President
"Paul E. Stanton, Jr",President,East Tennessee State University,,Emory 1965 Ba; Medical Col (Ga) 1969 Md,"Assistant Clinical Professor, Surgery, Medical College Of Georgia, 1980-85; Chief Of Surgery, Georgia Baptist Medical Center; Adjunct Professor, Medicine, Mercer University, Southern School Of Pharmacy, 1982-85",,,119443389.0,220075.0,True,President
David L. Jorns,President,Eastern Illinois University,,Ucla Phd,Administration,,,153871386.0,144892.0,False,President
William E. Shelton,President,Eastern Michigan University,,,,,,138216421.0,169798.0,True,President
Jacqueline W. Liebergott,President,Emerson College,,,,,,87650153.0,165662.0,False,President
William M. Chace,President,Emory University,,,,,,150468666.0,139658.0,True,President
Kay Schallenkamp,President,Emporia State University,,,,,,93131583.0,155025.0,False,President
"Aloysius P. Kelley, S.J",President,Fairfield University,,,,,,126350171.0,129242.0,False,President
Francis J. Mertz,President,Fairleigh Dickinson University,,,,,,32907511.0,184694.0,False,President
Lynn Edward Weaver,President,Florida Institute Of Technology,,Administration,,,,106959904.0,133881.0,True,President
Rev. Joseph A. O'Hare*,President,Fordham University,Fordham University At Rose Hill,,,,,164389053.0,191241.0,True,President
Richard Kneedler,President,Franklin & Marshall College,,"Franklin & Marshall Ab; Pennsylvania Ma, Phd",,,,173146385.0,212577.0,False,President
David Emory Shi,President,Furman University,,"Furman 1973 Ba; Virginia 1975 Ma, 1976 Phd","Professor And Chairman, History Department, Davidson College",,,86115722.0,218070.0,False,President
I. King Jordan,President,Gallaudet University,,"Gallaudet Ba; Tennessee Ma, Phd",,,,66108857.0,131450.0,True,President
Rev. Msgr. David A. Rubino,President,Gannon University,,"St Francis Col (Pa) Ba, Mdiv; Edinboro Ma; Pittsburgh Phd",,,,967637.0,212601.0,False,President
Alan G. Merten,President,George Mason University,,,,,,162714631.0,232186.0,True,President
Stephen Joel Trachtenberg,President,George Washington University,,,,,,193531525.0,131469.0,True,President
"Leo J. O'Donovan, S.J.*",President,Georgetown University,,,,,,184565670.0,131496.0,True,President
Gordon A. Haaland,President,Gettysburg College,,Wheaton (Il) Ab; Suny (Buffalo) Phd,Administration,,,176113532.0,212674.0,False,President
"Robert J. Spitzer, S.J",President,Gonzaga University,,"St Louis U Ba, Phl, Stl; Usc Msw; Brandeis Phd",,,,119888943.0,235316.0,False,President
Judy Jolley Mohraz,President,Goucher College,,"Baylor Ba, Ma; Illinois Phd",,,,42321615.0,162654.0,False,President
Arend D. Lubbers*,President,Grand Valley State University,,Rutgers Ma,,,,8606887.0,170082.0,False,President
Russell K. Osgood*,President,Grinnell College,,"Yale Ba, Jd",,,,173288447.0,153384.0,False,President
Axel D. Steuer,President,Gustavus Adolphus College,,,,,,13913294.0,173647.0,False,President
"Sr. Linda M. Bevilacqua, O.P.*",President,Gwynedd Mercy College,,,,,,21867089.0,212832.0,False,President
Eugene M. Tobin,President,Hamilton College,,"Rutgers Ab; Brandeis Am, Phd",,,,188592606.0,191515.0,False,President
William R. Harvey,President,Hampton University,,Talladega Ab; Harvard Edd,,,,151328261.0,232265.0,True,President
Lanny Hall,President,Hardin Simmons University,,North Texas Bs. Med: Texas 1985 Phd,"Member, Texas House Of Representatives, 1979-84; Deputy Executive Secretary, Special Programs, Teacher Retirement System, Austin Tx; Executive Vice President, Howard Payne University; President, Wayland Baptist University",,,198366374.0,225247.0,False,President
David B. Burks,President,Harding University,,,,,,107363760.0,107044.0,False,President
Neil Leon Rudenstine,President,Harvard University,,Princeton 1956 Ba: Oxford (Uk) Ba. Ma: Harvard 1964 Phd,"Assistant Professor, Harvard University, 1964-68; Dean Of Students, Princeton University, 1968-72; Dean Of The College, Princeton University, 1972-77; Provost, Princeton University, 1977-88; Executive Vice President, Andrew W. Mellon Foundation, 1988-91",,,136199984.0,166027.0,True,President
Linda S. Wilson,President,Radcliffe College,,,,,,,,False,President
Thomas R. Tritton,President,Haverford College,,Beloit Ba; Pennsylvania Ms; Union Sem (Ny) Mdiv,,,,155707491.0,212911.0,False,President
Ann H. Die*,President,Hendrix College,,,,,,130327366.0,107080.0,False,President
Richard H. Hersh,President,Hobart And William Smith Colleges,,"Syracuse 1964 Ba, 1965 Ms; Boston U 1969 Edd",,,,143104139.0,191630.0,False,President
James M. Shuart*,President,Hofstra University,,,,,,139290212.0,191649.0,True,President
Shirley D. Peterson,President,Hood College,,,,,,87552059.0,162760.0,False,President
H. Patrick Swygert*,President,Howard University,,,,,,137853757.0,131520.0,True,President
Richard L. Bowen,President,Idaho State University,,,,,,106969075.0,142276.0,True,President
Lew Collens,President,Illinois Institute Of Technology,,,,,,180949307.0,145725.0,True,President
David A. Strand,President,Illinois State University,,,,,,47301684.0,145813.0,True,President
"Minor Myers, Jr",President,Illinois Wesleyan University,,,,,,184616310.0,145646.0,False,President
John W. Moore,President,Indiana State University,,Rutgers Ba; Indiana Ma; Penn State Phd,"Vice President, University Vermont; Vice President, Old Dominion University; President, Society Of College And University Planning Administration",,,86420138.0,151324.0,True,President
Myles Brand,President,Indiana University System,,,,,,,,False,President
Kenneth R.R. Gros Louis,Chancellor,Indiana University Bloomington,,,,,,4210119109.0,151351.0,True,President
David J. Fulton,Chancellor,Indiana University East,,,,,,4210135278.0,151388.0,False,President
Emita B. Hill,Chancellor,Indiana University Kokomo,,,,,,4210136381.0,151333.0,False,President
Hilda Richards,Chancellor,Indiana University Northwest,,,,,,4210093298.0,151360.0,False,President
Michael A. Wartell,Chancellor,Indiana University Purdue University Fort Wayne,,,,,,4210130184.0,151102.0,False,President
Gerald L. Bepko,Chancellor,Indiana University Purdue University Indianapolis,,,,,,55769427.0,151111.0,True,President
Kenneth L. Perrin,Chancellor,Indiana University South Bend,,,,,,4210134870.0,151342.0,False,President
F. C. Richardson,Chancellor,Indiana University Southeast,,,,,,4210117780.0,151379.0,False,President
Phillip A. Griffiths,Director,Institute For Advanced Study,Administration,,,,,40036882.0,,False,President
James A. Liguori,President,Iona College,,,,,,173466955.0,191931.0,False,President
Martin C. Jischke,President,Iowa State University,,"Illinois Tech 1963 Bs; Mit 1964 Ms, 1968 Phd","President Elect, National Association Of State Universities And Land-Grant Colleges",,,173911158.0,153603.0,True,President
Margaret Ryan Williams,President,Ithaca College,,,,,,87424562.0,191968.0,False,President
Linwood H. Rose,President,James Madison University,,,,,,11883440.0,232423.0,True,President
"Rev. Edward Glynn, S.J,",President (Acting),John Carroll University,,,,,,183716014.0,203368.0,False,President
William R. Brody,President,Johns Hopkins University,,,,,,145311948.0,162928.0,True,President
Joseph W. Polisi,President,Juilliard School,,,,,,51283352.0,192110.0,False,President
"James F. Jones, Jr.*",President,Kalamazoo College,,"Virginia Ba; Emory Ma; Columbia Phm, Phd",,,,48664048.0,170532.0,False,President
Jon Wefald,President,Kansas State University,,,,,,189590672.0,155399.0,True,President
Carol A. Cartwright,President,Kent State University,,,,,,149910238.0,203517.0,True,President
Morton W. Weir,President (Acting),Knox College,,Centre 1969 Ba; Kentucky 1971 Ms,,,,42387498.0,146427.0,False,President
Nicholas A. Giordano,President (Acting),La Salle University,,,,,,47652572.0,213367.0,False,President
Arthur J. Rothkopf,President,Lafayette College,,Lafayette Ab; Harvard Jd,,,,184759092.0,213385.0,False,President
Harold F. Laydon,President,Lake Erie College,,"Central Conn State Bs; Maryland Ma, Phd",,,,17173981.0,203580.0,False,President
Richard Warch,President,Lawrence University,,,Administration President Richard Warch*  (920) 832-6525,,,153592363.0,239017.0,False,President
Gregory C. Farrington,President,Lehigh University,,,,,,186143895.0,213543.0,True,President
Ryan A. Lahurd,President,Lenoir Rhyne College,,,,,,126683464.0,198835.0,False,President
Vivian A. Bull,President,Linfield College,,Albion Ba; Nyu Phd,,,,74054363.0,209065.0,False,President
B. Lyn Behrens,President,Loma Linda University,,,,,,26347476.0,117636.0,True,President
David J. Steinberg,President,Long Island University,,,Member Of The Board,,,138873065.0,192448.0,True,President
Patricia P. Cormier,President,Longwood College,,,,,,141448028.0,232566.0,False,President
Allen A. Copping*,President,Louisiana State University System,,,,,,107341208.0,,False,President
William L. Jenkins,Chancellor,Louisiana State University And Agricultural And Mechanical College,,,,,,121820613.0,159391.0,True,President
Robert Cavanaugh,Chancellor,Louisiana State University At Alexandria,,,,,,13115107.0,159382.0,False,President
William J. Nunez Iii,Chancellor,Louisiana State University At Eunice,,,,,,2799937713.0,159407.0,False,President
Mervin L. Trail,Chancellor,Louisiana State University Medical Center,,,,,,75420490.0,159373.0,False,President
Vincent J. Marsala,Chancellor,Louisiana State University At Shreveport,,,,,,26489229.0,159416.0,False,President
Gregory M. St. L. O'Brien,Chancellor,University Of New Orleans,,,,,,192396691.0,159939.0,True,President
"Rev. Harold Ridley, S.J",President,Loyola College In Maryland,,"Fordham Ab, Ma, Phl; Nyu Phd",,,,165556055.0,163046.0,False,President
"Thomas P. O'Malley, S.J.",President,Loyola Marymount University,,,,,,35566140.0,117946.0,True,President
"Rev. Bernard P. Knoth, S.J",President,Loyola University,,,,,,173012211.0,159656.0,False,President
"John J. Piderit, S.J.*",President,Loyola University Chicago,,,,,,1925986.0,146719.0,True,President
Charles Warren,President,Lynchburg College,,,Administration,,,21978226.0,232609.0,False,President
Michael S. Mcpherson,President,Macalester College,,,,,,5444425.0,173902.0,False,President
"Br. Thomas J. Scanlan, F.S.C.",President,Manhattan College,,,,,,55707380.0,192703.0,False,President
Richard R. Rush,President,Mankato State University,,Ucla Phd,"Chancellor, Minnesota State Colleges And Universities",,,152014189.0,173920.0,False,President
Dennis J. Murray,President,Marist College,,,,,,926137907.0,192819.0,False,President
"Rev. Robert A. Wild, S.J",President,Marquette University,,"Loyola (Chicago) Ba, Ma; Harvard Phd","Provincial Superior, Chicago Province Of The Society Of Jesus, 1985-91; President, Weston Jesuit School Of Theology, 1992-96",,,102461120.0,239105.0,True,President
J. Wade Gilley,President,Marshall University,,,,,,88694374.0,237525.0,True,President
Nancy Wilgenbusch,President,Marylhurst College,,Catholic U Ba; Texas Woman'S Ma; Nebraska Phd,"Vice President, Marketing And Public Affairs, College Of St. Mary, Omaha, Ne; Dean, Adult And Continuing Education, College Of St. Mary, Omaha, Ne",,,88225094.0,209108.0,False,President
Charles Marstiller Vest*,President,Massachusetts Institute Of Technology,,,,,,63966007.0,166683.0,True,President
Raleigh Kirby Godsey,President,Mercer University,,,,,,150149174.0,140447.0,True,President
James C. Garland,President,Miami University,,,,,,83328450.0,204024.0,True,President
Peter Mcpherson,President,Michigan State University,,,,,,87216513.0,171100.0,True,President
Curtis J. Tompkins,President,Michigan Technological University,,,,,,11957088.0,171128.0,True,President
James E. Walker,President,Middle Tennessee State University,,,,,,169615421.0,220978.0,True,President
"John M. Mccardell, Jr.",President,Middlebury College,,,,,,195575238.0,230959.0,False,President
Howell W. Todd,President,Mississippi College,,Tennessee Bs; Mississippi Ms; Illinois Phd,,,,52890796.0,176053.0,False,President
Malcolm Portera,President,Mississippi State University,,,,,,99041443.0,176080.0,True,President
Richard A. Crofts,Commissioner Of Higher Education,Montana University System,,,,,,2801213986.0,,False,President
Ronald P. Sexton,Chancellor,Montana State University Billings,,,,,,193198326.0,180179.0,False,President
Michael Malone,President,Montana State University Bozeman,,,,,,23732399.0,180461.0,True,President
Michael Rao,Chancellor,Montana State University Northern,,Wright State 1972 Med; Western Michigan 1984 Edd,,,,4210150662.0,180522.0,False,President
Frank Gilmore,Chancellor,Montana Tech Of University Of Montana,,,,,,917168660.0,180416.0,False,President
George Dennison,President,University Of Montana Missoula,,,,,,6750721.0,180489.0,True,President
Sheila M. Stearns,Chancellor,Western Montana College Of University Of Montana,,,,,,27802707.0,180692.0,False,President
Susan A. Cole,President,Montclair State University,,,,,,166088655.0,185590.0,True,President
Roland Barden,President,Moorhead State University,,"North Dakota Bs; Wisconsin Ms, Phd","Associate Provost, Academic Affairs, University Of Wyoming",,,166613482.0,174358.0,False,President
"Sr. Karen M. Kennelly, C.S.J",President,Mount St Marys College,,,,,,4210134096.0,163462.0,False,President
"George R. Houston, Jr",President,Mount Saint Marys College And Seminary,,,,,,68213504.0,119173.0,False,President
Kern Alexander,President,Murray State University,,,,,,127362389.0,157401.0,False,President
Robert Miller,President,Nazareth College Of Rochester,,,,,,25093896.0,193584.0,False,President
Saul K. Fenster,President,New Jersey Institute Of Technology,,Cuny Bs; Columbia Ma; Michigan Phd,"Senior And Research Engineer, Sperry Rand Corporation; Provost, Rutherford Campus, Fairleigh Dickinson University",,,118118575.0,185828.0,True,President
William B. Conroy,President,New Mexico State University,,Syracuse Phd,Administration,,,10052268.0,188030.0,True,President
Jonathan F. Fanton*,President,New School University,,,,,,102179633.0,193654.0,True,President
L. Jay Oliva,President,New York University,,,,,,57206974.0,193900.0,True,President
Harold R. Wilde,President,North Central College,,"Amherst 1967 Ab; Harvard Ma, 1973 Phd",,,,45536552.0,147660.0,False,President
Harold R. Wilde,President,North Dakota University System,,,"Chairman, U.S. Equities Realty, Incchicago, Il",,,4210127926.0,,False,President
Richard Brauhn,President (Acting),Dickinson State University,,,,,,65741653.0,200059.0,False,President
Ellen Earle Chaffee,President,Mayville State University,,,,,,53457621.0,200226.0,False,President
H. Erik Shaar,President,Minot State University,,,,,,92063915.0,200253.0,False,President
Allan G. Fischer,President (Acting),North Dakota State University,,,,,,57328836.0,200332.0,True,President
Kendall L. Baker,President,University Of North Dakota,,Maryland 1963 Ba; Georgetown 1966 Ma. 1969 Phd,,,,24571045.0,200280.0,True,President
Ellen E. Chaffee,President,Valley City State University,,,,,,205944377.0,200572.0,False,President
Robert S. Blacklow,President,Northeastern Ohio Universities College Of Medicine,Medicine [Neoucom],,Administration,,,95240055.0,204477.0,False,President
Richard M. Freeland,President,Northeastern University,,,,,,12912129.0,167358.0,True,President
Clara M. Lovett,President,Northern Arizona University,,,Administration,,,203172682.0,105330.0,True,President
John E. La Tourette,President,Northern Illinois University,,,,,,102502594.0,147703.0,True,President
Henry S. Bienen,President,Northwestern University,,,,,,111979921.0,147767.0,True,President
"Ray Ferrero, Jr.*",President,Nova Southeastern University,,,,,,203088144.0,136215.0,True,President
Gary D. Russi,President,Oakland University,,,,,,177721651.0,171571.0,True,President
Nancy Schrom Dye*,President,Oberlin College,,"Vassar 1969 Ba; Wisconsin 1971 Ma, 1974 Phd",,,,70571728.0,204501.0,False,President
John Brooks Slaughter,President,Occidental College,,,,,,72903472.0,120254.0,False,President
William E. Kirwan,President,Ohio State University,,,,,,52357470.0,204796.0,True,President
Robert Glidden,President,Ohio University,,,,,,4210106879.0,204857.0,True,President
Thomas B. Courtice,President,Ohio Wesleyan University,,Pittsburgh Bs; Indiana Mba; Minnesota Phd,,,,81461992.0,204909.0,False,President
James E. Halligan,President,Oklahoma State University,,,,,,115475287.0,207388.0,True,President
James V. Koch,President,Old Dominion University,,,,,,81365321.0,232982.0,True,President
Richard L. Roberts,President,Oral Roberts University,,,,,,189981527.0,207582.0,False,President
Joseph W. Cox,Chancellor,Oregon University System,,,,,,2800918300.0,,False,President
Phillip D. Creighton,President,Eastern Oregon University,,,,,,207168215.0,208646.0,False,President
Martha Anne Dow,President,Oregon Institute Of Technology,,,,,,129871486.0,209506.0,False,President
Paul G. Risser,President,Oregon State University,,,,,,131249849.0,209542.0,True,President
Daniel O. Bernstine,President,Portland State University,,Uc Berkeley 1969 Ba; Northwestern 1972 Jd; Wisconsin 1975 Llm,,,,126345244.0,209807.0,True,President
Stephen J. Reno,President,Southern Oregon University,,,,,,75909800.0,210146.0,False,President
Dave Frohmayer,President,University Of Oregon,,,,,,181233156.0,209551.0,True,President
Betty J. Youngblood,President,Western Oregon University,,,,,,95781656.0,210429.0,False,President
Patricia O. Ewers,President,Pace University,,,,,,126863827.0,194310.0,True,President
Loren J. Anderson,President,Pacific Lutheran University,,,,,,60065076.0,236230.0,False,President
Faith Gabelnick,President,Pacific University,,,,,,4210149261.0,209612.0,False,President
James H. Mccormick,Chancellor,Pennsylvania State System Of Higher Education,,,,,,29957033.0,,False,President
Jessica Sledge Kozloff,President,Bloomsburg University Of Pennsylvania,,,,,,190816365.0,211158.0,False,President
"Angelo Armenti, Jr",President,California University Of Pennsylvania,,,,,,36788626.0,211361.0,False,President
W. Clinton Pettus,President,Cheyney University Of Pennsylvania,,,,,,49631817.0,211608.0,False,President
Diane L. Reinhard,President,Clarion University Of Pennsylvania,,,,,,114686714.0,211644.0,False,President
Robert J. Dillman,President,East Stroudsburg University Of Pennsylvania,,,,,,79060951.0,212115.0,False,President
"Frank G. Pogue, Jr",President,Edinboro University Of Pennsylvania,,,,,,155159281.0,212160.0,False,President
Lawrence K. Pettit,President,Indiana University Of Pennsylvania,,Wisconsin Phd,,,,200885203.0,213020.0,True,President
David E. Mcfarland,President,Kutztown University Of Pennsylvania,,,"Provost And Vice President, Academic Affairs",,,2132711.0,213349.0,False,President
Craig Dean Willis,President,Lock Haven University Of Pennsylvania,,,,,,63329203.0,213613.0,False,President
John R. Halstead,President,Mansfield University Of Pennsylvania,,,,,,131579929.0,213783.0,False,President
Joseph A. Caputo,President,Millersville University Of Pennsylvania,,,,,,104651037.0,214041.0,False,President
Anthony F. Ceddia,President,Shippensburg University Of Pennsylvania,,"Northeastern 1965 Bs, 1968 Med; Massachusetts 1980 Edd","Administrator, North Adams State College, 1970-81",,,139418187.0,216010.0,False,President
G. Warren Smith,President,Slippery Rock University Of Pennsylvania,,,,,,169494899.0,216038.0,False,President
Madeleine Wing Adler,President,West Chester University Of Pennsylvania,,,,,,161171246.0,216764.0,True,President
Graham B. Spanier,President,Pennsylvania State University,,,,,,130769515.0,495767.0,True,President
David Davenport,President,Pepperdine University,,,,,,100191712.0,121150.0,True,President
"G. Curtis Jones, Jr.",President,Phillips University,,"Texas Christian Ba, Ma; George Mason Jd; Eureka Lhd",,,,60262850.0,,False,President
David C. Chang,President,Polytechnic University,,,,,,57206974.0,193900.0,True,President
Peter W. Stanley,President,Pomona College,,"Harvard Ba, Ma, Phd",,,,177881444.0,121345.0,False,President
Harold Tafler Shapiro,President,Princeton University,,Mcgill (Canada) 1956 Ba; Princeton 1964 Phd,"President, University Of Michigan, 1980-88; Chairman, Committee On Employer-Based Health Benefits, Institute Of Medicine",,,20089843.0,186131.0,True,President
"Philip A. Smith, O.P",President,Providence College,,,,,,196272386.0,217402.0,False,President
Steven C. Beering,President,Purdue University,,"Pittsburgh 1954 Bs, 1958 Md","Dean, School Of Medicine, Indiana University, 1973-83; Director, Indiana University Medical Center, 1973-83",,,219193219.0,243780.0,True,President
Billy O. Wireman,President,Queens College,,,,,,40889946.0,199412.0,False,President
John L. Lahey,President,Quinnipiac College,,,,,,43267033.0,130226.0,False,President
Douglas Covington,President,Radford University,,"Central State Bs; Ohio State Ms, Phd",,,,53559539.0,233277.0,False,President
Steven S. Koblik,President,Reed College,,,,,,55486353.0,209922.0,False,President
"Rev. Michael J. Sheeran, S.J.*",President,Regis University,,,,,,128365640.0,127918.0,False,President
Cornelius J. Barton,President (Acting),Rensselaer Polytechnic Institute,,,,,,165799507.0,194824.0,True,President
"James H. Daughdrill, Jr.*",President,Rhodes College,,,,,,117979880.0,221351.0,False,President
Malcolm Gillis,President,Rice University,,,,,,74775410.0,227757.0,True,President
J. Barton Luedeke,President,Rider University,,,,,,186776151.0,186283.0,False,President
Albert J. Simone,President,Rochester Institute Of Technology,,,,,,155173764.0,195003.0,True,President
William A. Shields,President,Rockford College,,"Carroll (Mt) Ba; Pittsburgh Ma, Phd",,,,192972912.0,148405.0,False,President
Rita Bornstein,President,Rollins College,,,,,,90840245.0,136950.0,False,President
Donald James Farish,President,Rowan University,,,,,,44265643.0,184782.0,True,President
Francis L. Lawrence,President,Rutgers State University Of New Jersey,,,,,,102322142.0,186380.0,True,President
Robert J. Wickenheiser,President,St Bonaventure University,,,,,,117309725.0,195164.0,False,President
Robert N. Funk,President,St Edwards University,,,,,,9224006.0,227845.0,False,President
Katherine E. Keough,President,St John Fisher College,,Pace Ba; Hofstra Msed; Virginia Tech Edd,,,,910567637.0,195720.0,False,President
John Agresto,President,St Johns College New Mexico,New Mexico Campus,Boston Col 1967 Ab; Cornell 1974 Phd,"Assistant Chairman, National Endowment For The Humanities, 1982-85; Acting Chairman, National Endowment For The Humanities, 1985-86; Adjunct Professor, The New School For Social Research, 1988; Deputy Chairman, National Endowment For The Humanities, 1985-88; President, The Madison Center, 1989",,,4210131395.0,245652.0,False,President
Christopher B. Nelson,President,St Johns College,Maryland Campus,St John'S Col (Nm) 1970 Ba; Utah 1973 Jd,"Partner, Schiff Hardin & Waite, 1979; Co-Founder And Principal, Kovar Nelson Britain Sledz & Morris, 1979-91; Instructor, Management Labor Law And Supervisory Relations, Aurora University Management Center, 1981-87; President, Kovar Nelson Brittain Sledz & Morris, 1987-91",,,4210131395.0,245652.0,False,President
"Rev. Donald J. Harrington, C.M",President,St Johns University,,"St John'S U (Ny) Bba, Mba; Nyu Phd",,,,142823887.0,195809.0,True,President
"Rev. Nicholas S. Rashford, S.J",President,Saint Josephs University,,,,,,51077184.0,215770.0,False,President
Daniel F. Sullivan,President,St Lawrence University,,,,,,100236772.0,195216.0,False,President
"Rev. Lawrence Biondi, S.J",President,Saint Louis University,,,,,,47838141.0,179159.0,True,President
"Br. Craig J. Franz, F.S.C",President,Saint Marys College Of California,,,,,,177081203.0,123554.0,False,President
"Br. Louis Dethomasis, F.S.C",President,Saint Marys University Of Minnesota,,Georgetown Bsfs; Union Inst Phd; Illinois Benedictine Lld,,,,4210147856.0,174817.0,False,President
"Rev. John J. Moder, S.M",President,St Marys University,,,,,,189060766.0,228149.0,False,President
Marc A. Vanderheyden,President,St Michaels College,,,Administration,,,55801708.0,231059.0,False,President
"Mark U. Edwards, Jr",President,St Olaf College,,"Stanford Ba, Ma, Phd",,,,24861097.0,174844.0,False,President
Richard A. Yanikoski,President,Saint Xavier University,,,,,,198985290.0,148627.0,False,President
Thomas E. Corts,President,Samford University,,"Georgetown Col Ba; Indiana Ma, Phd",,,,83321563.0,102049.0,False,President
"Paul L. Locatelli, S.J",President,Santa Clara University,,,,,,16269868.0,122931.0,False,President
Michele Tolela Myers,President,Sarah Lawrence College,,Wellesley Ba,,,,56327960.0,195304.0,False,President
Nancy Y. Bekavac,President,Scripps College,,Yale Jd,,,,16970960.0,123165.0,False,President
Philip W. Eaton,President,Seattle Pacific University,,"Whitworth 1965 Ba; Arizona State 1966 Ma, 1971 Phd",,,,11317958.0,236577.0,False,President
"Fr. Stephen V. Sundborg, S.J",President,Seattle University,,,,,,58610484.0,236595.0,False,President
"Very Rev. Thomas R. Peterson, O.P.",Chancellor,Seton Hall University,,,,,,12524447.0,186584.0,True,President
"Daniel S. Cheever, Jr.",President,Simmons College,,Brown Ab; Boston Col Mba,,,,179245896.0,167783.0,False,President
David H. Porter,President,Skidmore College,,,,,,21104390.0,195526.0,False,President
Ruth J. Simmons,President,Smith College,,Harvard 1973 Phd,"Provost, Spelman College, 1990-92; Vice Provost, Princeton University, 1992-95",,,202524275.0,167835.0,False,President
Peggy Gordon Elliott,President,South Dakota State University,,Indiana 1975 Edd,,,,177156846.0,219356.0,True,President
Dale F. Nitzschke,President,Southeast Missouri State University,,"Loras Ba; Ohio Med, Phd",,,,161165907.0,179557.0,False,President
Ted Sanders,President,Southern Illinois University,,,,,,2801502357.0,149222.0,True,President
Jo Ann Argersinger,Chancellor,Southern Illinois University At Carbondale,,,,,,110378019.0,149222.0,True,President
David J. Werner,Chancellor,Southern Illinois University At Edwardsville,,,,,,87547150.0,149231.0,False,President
John H. Keiser,President,Southwest Missouri State University,,,,,,119942284.0,179566.0,False,President
"Rev. Gregory F. Lucey, S.J",President,Spring Hill College,,,,,,50213246.0,102234.0,False,President
Gerhard Casper,President,Stanford University,,,,,,97018004.0,243744.0,True,President
John W. Ryan,Chancellor,State University Of New York,,,,,,1327163397.0,,False,President
Muriel A. Moore,President,Buffalo State College,,,,,,115441956.0,196130.0,False,President
Eugene B. Feigelson,Acting President,Health Science Center At Brooklyn,College Of Medicine,,,,,181697535.0,196255.0,False,President
Gregory L. Eastwood,President,Health Science Center At Syracuse,,,,,,20388574.0,196307.0,False,President
Karen R. Hitchcock,President,State University Of New York At Albany,,,,,,392282.0,196060.0,True,President
Lois B. Defleur,President,State University Of New York At Binghamton,,,,,,123946342.0,196079.0,True,President
Paul Yu,President,State University Of New York At Brockport,,,,,,4864440.0,196121.0,False,President
William R. Greiner,President,State University Of New York At Buffalo,,,,,,63190737.0,196088.0,True,President
Judson H. Taylor,President,State University Of New York College At Cortland,,,,,,880615350.0,196149.0,False,President
Jane W. Altes,President,State University Of New York At Empire State,,,,,,88081825.0,196264.0,False,President
Dennis L. Hefner,President,State University Of New York At Fredonia,,,,,,61032284.0,196158.0,False,President
Christopher C. Dahl,President,State University Of New York At Geneseo,,,,,,27559774.0,196167.0,False,President
Roger W. Bowen,President,State University Of New York At New Paltz,,,,,,157455823.0,196176.0,False,President
W. Hubert Keen,President (Acting),State University Of New York At Old Westbury,,,,,,138168422.0,196237.0,False,President
Alan B. Donovan,President,State University Of New York At Oneonta,,Williams; Yale Phd,"Vice President, Academic Affairs, Northern Michigan University",,,122713931.0,196185.0,False,President
Deborah Stanley,President,State University Of New York At Oswego,,,,,,43742981.0,196194.0,False,President
Horace A. Judson,President,State University Of New York At Plattsburgh,,,,,,63475719.0,196246.0,False,President
John A. Fallon Iii,President,State University Of New York At Potsdam,,,,,,83328411.0,196200.0,False,President
Bill Lacy,President,State University Of New York At Purchase,,,,,,103497121.0,196219.0,False,President
Shirley Strum Kenny,President,State University Of New York At Stony Brook,,,,,,59553526.0,196097.0,True,President
Adam Herbert,Chancellor,State University System Of Florida,,,,,,2801649442.0,,False,President
Frederick S. Humphries,President,Florida Agricultural And Mechanical University,,,,,,8248082.0,133650.0,True,President
Anthony J. Catanese,President,Florida Atlantic University,,Rutgers Ba; Nyu Ma; Wisconsin Phd,"Provost, Pratt Institute, New York; Dean, College Of Architecture, University Of Florida; Dean, School Of Architecture And Urban Planning, University Of Wisconsin-Milwaukee: Professor And Director, Center For Planning And Development, Georgia Institute Of Technology; Associate Dean, School Of Engineering And Environmental Design And James A. Ryder Professor, University Of Miami",,,63772739.0,133669.0,True,President
Roy E. Mctarnaghan,President,Florida Gulf Coast University,,,,,,2801014300.0,433660.0,False,President
Modesto A. Maidique,President,Florida International University,,,,,,19700959.0,133951.0,True,President
Sandy D'Alemberte,President,Florida State University,,,,,,103163165.0,134097.0,True,President
John C. Hitt,President,University Of Central Florida,,,,,,106165777.0,132903.0,True,President
John V. Lombardi,President,University Of Florida,,,,,,33213144.0,134130.0,True,President
Adam W. Herbert,President,University Of North Florida,,Pittsburgh Phd,,,,11874761.0,136172.0,True,President
Betty Castor,President,University Of South Florida,,,"Commissioner Of Education, State Of Florida, 1986-93",,,2613432.0,137351.0,True,President
Morris L. Marx,President,University Of West Florida,,,,,,83683471.0,138354.0,False,President
Daniel D. Angel,President,Stephen F Austin State University,,,,,,201193091.0,228431.0,False,President
H. Douglas Lee,President,Stetson University,,,,,,99490713.0,137546.0,False,President
Harold J. Raveche,President,Stevens Institute Of Technology,,,,,,108468826.0,186867.0,True,President
David J. Sargent,President,Suffolk University,,,,,,24306055.0,168005.0,False,President
Elisabeth S. Muhlenfeld,President,Sweet Briar College,,Goucher Ba; Texas (Arlington) Ma; South Carolina Phd,,,,2125089.0,233718.0,False,President
Kenneth A. Shaw,President,Syracuse University,,,,,,70983195.0,196413.0,True,President
Peter J. Liacouras,President,Temple University,,,,,,84392919.0,216339.0,True,President
James A. Hefner,President,Tennessee State University,,North Carolina A&T 1961 Bs; Atlanta 1962 Ma; Colorado 1971 Phd,,,,75256744.0,221838.0,True,President
Angelo Anthony Volpe,President,Tennessee Technological University,,"Brooklyn 1959 Bs; Maryland 1962 Ms, 1966 Phd",Administration,,,63920570.0,221847.0,True,President
Barry B. Thompson,Chancellor,Texas A&M University System,,,,,,173268674.0,,False,President
Charles A. Hines,President,Prairie View A&M University,,,,,,250520410.0,227526.0,True,President
Dennis P. Mccabe,President,Tarleton State University,,,,,,75063564.0,228529.0,True,President
J. Charles Jennett,President,Texas A&M International University,,,,,,131740757.0,226152.0,False,President
Ray M. Bowen,President,Texas A&M University College Station,,,,,,91045830.0,228723.0,True,President
Keith Mcfarland,President,Texas A&M University Commerce,,,,,,206651237.0,224554.0,True,President
Robert R. Furgason,President,Texas A&M University Corpus Christi,,,,,,96749437.0,224147.0,True,President
Marc Cisneros,President,Texas A&M University Kingsville,,,,,,181414168.0,228705.0,True,President
Stephen R. Hensley,President,Texas A&M University Texarkana,,,,,,51380931.0,224545.0,False,President
Russell C. Long,President,West Texas A&M University,,Sul Ross State 1965 Ba; New Mexico State 1967 Ma; Texas A&M 1977 Phd,"Vice President, Academic Affairs, Tarleton State University",,,188674872.0,229814.0,False,President
Michael R. Ferrari,Chancellor,Texas Christian University,,,,,,128956969.0,228875.0,True,President
Lamar G. Urbanovsky*,Chancellor,Texas State University System,,,,,,2801273398.0,,False,President
James Hindman,President,Angelo State University,,,,,,41644977.0,222831.0,False,President
William R. Johnson,President (Acting),Lamar University,,,,,,177898655.0,226091.0,False,President
Robert D. Krienke,President,Lamar Institute Of Technology,Lamar University Institute Of Technology-Beaumont,,,,,,,False,President
Michael Shahan,President,Lamar State College Orange,Lamar University-Orange,,,,,3024311316.0,127389.0,False,President
W. Sam Monroe,President,Lamar University Port Arthur,Lamar University-Port Arthur,,,,,,,,President
Bobby K. Marks,President,Sam Houston State University,,,,,,191429286.0,227881.0,True,President
Jerome H. Supple,President,Southwest Texas State University,,,,,,13511017.0,228459.0,True,President
R. Vic Morgan,President,Sul Ross State University,,,,,,162709352.0,228501.0,False,President
Donald R. Haragan,President,Texas Tech University,,Texas 1959 Bs; Texas A&M 1960 Ms; Texas 1969 Phd,,,,12315562.0,229115.0,True,President
Jake B. Schrum,President,Texas Wesleyan University,,,,,,142374663.0,229160.0,False,President
Carol D. Surles,President,Texas Womans University,,,,,,150913223.0,229179.0,True,President
Paul C. Brucker,President,Thomas Jefferson University,,,,,,149251103.0,216366.0,True,President
Evan S. Dobelle,President,Trinity College,,"Massachusetts 1970 Ba, 1983 Med, 1987 Edd; Harvard 1984 Mpa",,,,56722557.0,130590.0,False,President
Ronald K. Calgaard,President,Trinity University,,"Luther Col Ba; Iowa Ma, Phd",,,,60060512.0,229267.0,False,President
Jack Magruder,President,Truman State University,,Truman State Bs; Northern Iowa Ma; Northern Colorado Edd,,,,199639920.0,178615.0,False,President
John Dibiaggio,President,Tufts University,,,,,,121934306.0,168148.0,True,President
Scott S. Cowen,President,Tulane University,,"George Washington Mba, Dba","Career: Dean, Weatherhead School Of Management, Case Western Reserve University, 1984-97",,,114832834.0,160755.0,True,President
Benjamin F. Payton,President,Tuskegee University,,South Carolina State Ba; Harvard Bd; Columbia Ma; Yale Phd,,,,6026837.0,102377.0,False,President
Roger H. Hull,President,Union College,,,,,,177328695.0,196866.0,False,President
Robert Conley,President,Union Institute,,,,,,204669301.0,206279.0,True,President
Garry D. Hays*,President,United States International University,,,"Chancellor, Minnesota State University System; Chancellor, Minnesota State University System",,,,,False,President
Marion A. Ruebel,President,University Of Akron,,,,Until Dec 1998,,110152177.0,200800.0,True,President
Thomas C. Meredith,Chancellor,University Of Alabama System,,,Administration,,,2800507078.0,,False,President
W. Ann Reynolds,President (Acting),University Of Alabama Birmingham,,,,,,32389192.0,100663.0,True,President
Frank A. Franz,President,University Of Alabama Huntsville,,,,,,82495205.0,100706.0,True,President
Andrew A. Sorensen,President,University Of Alabama,,,,,,17301866.0,100751.0,True,President
Mark R. Hamilton,President,University Of Alaska System,,,"Affiliation: Chair, Alaska Aerospace Development",,,2802090665.0,,False,President
Edward Lee Gorsuch,Chancellor,University Of Alaska Anchorage,,"Missouri Ba, Ma","President, Anchorage School Board",,,147853995.0,102553.0,False,President
Joan K. Wadlow,Chancellor,University Of Alaska Fairbanks,,"Nebraska Ba, Phd",,,,141472210.0,102614.0,True,President
Marshall Lind,Chancellor,University Of Alaska Southeast,,Wisconsin Bs; Montana Ma; Northwestern Phd,"Commissioner Of Education, Alaska Department Of Education; Superintendent Of Schools, Kodiak Island Borough School District",,,90464598.0,102632.0,False,President
Peter Likins,President,University Of Arizona,,Stanford 1957 Bs: Mit 1958 Sm,,,,138006243.0,104179.0,True,President
B. Alan Sugg,President,University Of Arkansas System,,"Arkansas Bs, Med; Oklahoma Phd",,,,2799691083.0,,False,President
John A. White,Chancellor,University Of Arkansas At Fayetteville,,,,,,78715868.0,106397.0,True,President
Charles E. Hathaway,Chancellor,University Of Arkansas At Little Rock,,Texas A&M Bs; Oklahoma Phd,,,,102401767.0,106245.0,True,President
Harry P. Ward,Chancellor,University Of Arkansas For Medical Sciences,,,,,,79620101.0,106245.0,True,President
Fred J. Taylor,Chancellor,University Of Arkansas At Monticello,,,,,,169655526.0,106485.0,False,President
"Lawrence A. Davis, Jr",Chancellor,University Of Arkansas At Pine Bluff,,,,,,94525581.0,106412.0,False,President
Richard C. Atkinson,President,University Of California System,,Chicago 1948 Bph; Indiana 1955 Phd,"Director, National Science Foundation, 1977-80: Chancellor, Uc San Diego, 1980-95",,,2803209242.0,110398.0,False,President
Robert M. Berdahl,Chancellor,University Of California Berkeley,,,,,,95457486.0,110635.0,True,President
Larry N. Vanderhoef,Chancellor,University Of California Davis,,,,,,84218800.0,110644.0,True,President
Ralph J. Cicerone,Chancellor,University Of California Irvine,,,,,,204250578.0,110653.0,True,President
Albert Carnesale,Chancellor,University Of California Los Angeles,,,,,,161318765.0,110662.0,True,President
Raymond L. Orbach,Chancellor,University Of California Riverside,,,,,,103635307.0,110671.0,True,President
Robert C. Dynes,Chancellor,University Of California San Diego,,,,,,36258959.0,110680.0,True,President
J. Michael Bishop,Chancellor,University Of California San Francisco,,,,,,180670191.0,110699.0,True,President
Henry T. Yang,Chancellor,University Of California Santa Barbara,,,,,,154570441.0,110705.0,True,President
M. R. C. Greenwood,Chancellor,University Of California Santa Cruz,,,,,,185103710.0,110714.0,True,President
Winfred L. Thompson,President,University Of Central Arkansas,,,,,,32038505.0,106704.0,False,President
Edwin H. Welch,President,University Of Charleston,,"Western Maryland Ba; Boston U Stb, Phd",,,,48380244.0,237312.0,False,President
Hugo F. Sonnenschein*,President,University Of Chicago,,,,,,40347166.0,144050.0,True,President
Joseph A. Steger,President,University Of Cincinnati,,,,,,63135867.0,201885.0,True,President
John C. Buechner,President,University Of Colorado System,,"Wooster Ba; Michigan Mpa, Phd",,,,2802236040.0,,False,President
Richard L. Byyny,Chancellor,University Of Colorado At Boulder,,"Usc Ba, Md",,,,188538660.0,126614.0,True,President
Linda Bunnell Shade,Chancellor,University Of Colorado At Colorado Springs,,,,,,888729015.0,126580.0,True,President
Georgia E. Lesh-Laurie,Chancellor,University Of Colorado At Denver,,Marietta Bs; Wisconsin Ms; Case Western Phd,,,,921990950.0,126562.0,True,President
James A. Shore,Chancellor,University Of Colorado At Denver Health Sciences Center,,,,,,921990950.0,126562.0,True,President
Philip E. Austin,President,University Of Connecticut,,Michigan State Phd,"Director, Interdisciplinary Doctoral Program In Public Policy, George Washington University; Provost And Vice President, Academic Affairs, Bernard Baruch College; President, Colorado State University; Chancellor, Colorado State University System; Chancellor, The University Of Alabama System",,,140172145.0,129020.0,True,President
"Raymond L. Fitz, S.M",President,University Of Dayton,,,,,,127591826.0,202480.0,True,President
David P. Roselle*,President,University Of Delaware,,Duke Phd,,,,86501945.0,130943.0,True,President
Daniel L. Ritchie,Chancellor,University Of Denver,,,,,,131651094.0,127060.0,True,President
"Maureen A. Fay, D.P.",President,University Of Detroit Mercy,,,Executive Assistant And Secretary Of The University,,,71792333.0,169716.0,False,President
James S. Vinson,President,University Of Evansville,,,,,,155997454.0,150534.0,False,President
Walter Harrison,President,University Of Hartford,,Trinity Col (Ct) Ba; Michigan Ma; Uc Davis Phd,"Vice President, External Affairs, University Of Michigan",,,162281398.0,129525.0,True,President
Kenneth P. Mortimer,President,University Of Hawaii System,,"Hawaii 1971 Ba; Cincinnati 1974 Ma, 1979 Phd",,,,1331384533.0,,False,President
Rose Y. Tseng,Chancellor,University Of Hawaii At Hilo,,,,,,35722693.0,141565.0,False,President
Kenneth P. Mortimer,Chancellor,University Of Hawaii Manoa,,,,,,117965899.0,141574.0,True,President
Joanne E. Clark,Chancellor,University Of Hawaii West Oahu,,,,,,25390106.0,141981.0,False,President
Arthur K. Smith,Chancellor,University Of Houston System,,Cornell Phd,"Provost And Executive Vice President, Academic Affairs, University Of South Carolina; President, University Of Utah Administration",,,2801525821.0,,False,President
Arthur K. Smith,President,University Of Houston,,,,,,44461941.0,225511.0,True,President
William A. Staples,President,University Of Houston Clear Lake,,,,,,52913039.0,225414.0,False,President
Max Castillo,President,University Of Houston Downtown,,,,,,16277215.0,225432.0,False,President
Karen S. Haynes,President,University Of Houston Victoria,,,,,,173388201.0,225502.0,False,President
Robert A. Hoover,President,University Of Idaho,,,,,,155093810.0,142285.0,True,President
James J. Stukel,President,University Of Illinois,,,,,,2801919071.0,,False,President
Naomi B. Lynn,Chancellor,University Of Illinois At Springfield,,,,,,79884896.0,148654.0,False,President
Michael T. Aiken,Chancellor,University Of Illinois At Urbana Champaign,,,,,,157725225.0,145637.0,True,President
Jerry Israel,President,University Of Indianapolis,,Nyu 1962 Ba; Michigan 1963 Ma; Rutgers 1967 Phd,,,,135191193.0,151263.0,False,President
Mary Sue Coleman,President,University Of Iowa,,,,,,126307644.0,153658.0,True,President
Robert Hemenway,Chancellor,University Of Kansas,,,,,,146416000.0,155317.0,True,President
"Charles T. Wethington, Jr",President,University Of Kentucky,,,,,,143302722.0,157085.0,True,President
Stephen C. Morgan,President,University Of La Verne,,La Verne Ba; Usc Ma; Northern Colorado Edd,,,,708430.0,117140.0,True,President
Carroll Falcon,President,University Of Louisiana System,,,,,,2799628689.0,,False,President
Steve Favors,President,Gambling State University,,,,,,152158401.0,159009.0,False,President
Daniel D. Reneau,President,Louisiana Tech University,,,,,,919208787.0,159647.0,True,President
Robert D. Hebert,President,Mcneese State University,,,,,,172951950.0,159717.0,False,President
Donald J. Ayo,President,Nicholls State University,,,,,,47209331.0,159966.0,False,President
Lawson L. Swearingen,President,Northeast Louisiana University,,,,,,71730758.0,159993.0,False,President
Randall J. Webb,President,Northwestern State University Of Louisiana,,,,,,157717896.0,160038.0,False,President
Sally Clausen,President,Southeastern Louisiana University,,,,,,197173980.0,160612.0,False,President
Ray Authement,President,University Of Southwestern Louisiana,,,,,,79516672.0,160658.0,True,President
John W. Shumaker,President,University Of Louisville,,,,,,142740786.0,157289.0,True,President
Terrence J. Mactaggart,Chancellor,University Of Maine System,,Canisius Ba; St Louis U Ma: St Cloud State Mba; St Louis U Phd,"Chancellor, University Of Wisconsin-Superior; Vice President, Academic And Administrative Affairs, Metropolitan State University, Saint Paul",,,2802397601.0,,False,President
Peter S. Hoff,President,University Of Maine Orono,,,,,,7947594.0,161253.0,True,President
Owen F. Cargol,President,University Of Maine At Augusta,,,,,,91492222.0,161217.0,False,President
Theodora J. Kalikow,President,University Of Maine At Farmington,,,,,,198006653.0,161226.0,False,President
Charles M. Lyons,President,University Of Maine At Fort Kent,,,,,,215168068.0,161235.0,False,President
Paul E. Nordstrom,President,University Of Maine At Machias,,,,,,174836887.0,161244.0,False,President
W. Michael Easton,President,University Of Maine At Presque Isle,,"U Washington Ba; Oregon Ms, Edd",,,,160136153.0,161341.0,False,President
Richard L. Pattenaude,President,University Of Southern Maine,,,,,,73443619.0,161554.0,False,President
The Hon. William M. Bulger,President,University Of Massachusetts At Amherst,,"Boston Col 1958 Ba, 1961 Jd","Member, U.S. House Of Representatives, 1961-70; President, Boston Public Library; Member, U.S. Senate",,,24603500.0,166629.0,True,President
Sherry H. Penney,Chancellor,University Of Massachusetts At Boston,,,,,,33434090.0,166638.0,True,President
Peter H. Cressy,Chancellor,University Of Massachusetts At Dartmouth,,,,,,100633361.0,167987.0,True,President
William T. Hogan,Chancellor,University Of Massachusetts At Lowell,,,Member Of The Board,,,133738476.0,166513.0,True,President
Aaron Lazare,Chancellor,University Of Massachusetts Worcester,,Case Western Md,,,,166722992.0,166708.0,True,President
V. Lane Rawlins,President,University Of Memphis,,Brigham Young 1963 Bs; Uc Berkeley 1969 Phd,"Vice Provost, Washington State University, Pullman, 1982-86; Vice Chancellor, Academic Affairs, University Of Alabama System, 1986-91",,,94658018.0,220862.0,True,President
Edward T. Foote Ii,President,University Of Miami,School Of Law,,"Dean, School Of Law, Washington University",,,145608581.0,135726.0,True,President
Lee C. Bollinger,President,University Of Michigan,,Oregon; Columbia,"Provost And Professor, Government, Dartmouth College",,,27837315.0,170976.0,True,President
James C. Renick,Chancellor,University Of Michigan Dearborn,,,,,,4210130704.0,171137.0,False,President
Beverly J. Schmoll,Chancellor (Acting),University Of Michigan Flint,,,,,,4210092198.0,171146.0,False,President
Mark G. Yudof,President,University Of Minnesota,,"Pennsylvania 1965 Ba, 1968 Jd","Law Clerk, Fifth Circuit Court Of Appeals; Research Associate And Lecturer, Harvard Graduate School Of Education; Executive Vice President And Provost, University Of Texas At Austin",,,130238516.0,174066.0,True,President
Donald G. Sargeant,Chancellor,University Of Minnesota Crookston,,,,,,4210159608.0,174075.0,False,President
Kathryn A. Martin,Chancellor,University Of Minnesota Duluth,,St Mary-Of-The-Woods 1963 Ba; Indiana State 1970 Ma; Uc San Francisco 1986 Edd,"Chair, National Coalition Of Education In The Arts; President And Chair, Arts In Education Committee, International Council Of Fine Arts Deans; Dean, College Of Fine And Applied Arts And Co-Director, National Arts Education Research Center, University Of Illinois At Urbana-Champaign",,,4210115145.0,174233.0,False,President
Samuel Schuman,Acting Chancellor,University Of Minnesota Morris,,Grinnell Ba; San Francisco State Ma; Northwestern Phd,,,,4210162301.0,174251.0,False,President
Mark G. Yudof,President,University Of Mississippi,,,,,,368840534.0,176017.0,True,President
Manuel T. Pacheco,President,University Of Missouri System,,,,,,4777552.0,,False,President
Eleanor Brantley Schwartz,Chancellor,University Of Missouri Kansas City,,,,,,75421653.0,178402.0,True,President
John T. Park,Chancellor,University Of Missouri Rolla,,,,,,20382870.0,178411.0,True,President
Blanche M. Touhill,Chancellor,University Of Missouri St Louis,,,,,,208333798.0,178420.0,True,President
L. Dennis Smith,President,University Of Nebraska System,,,Administration,,,2802450327.0,,False,President
James Moeser,Chancellor,University Of Nebraska Lincoln,,,,,,114395901.0,181464.0,True,President
Gladys Styles Johnston,Chancellor,University Of Nebraska At Kearney,,,,,,36486460.0,181215.0,False,President
Nancy Belck,Chancellor,University Of Nebraska At Omaha,,Louisiana Tech 1964 Bs; Tennessee 1965 Ma; Michigan State 1972 Phd,"Provost And Vice Chancellor, Academic Affairs, Louisiana State University, Shreveport, 1991-93; Chancellor, Southern Illinois University At Edwardsville",,,122266389.0,181394.0,True,President
William Berndt,Chancellor,University Of Nebraska Medical Center,,Creighton 1954 Bs; Suny (Buffalo) 1959 Phd,"Faculty Member, Dartmouth Medical School, 1959-74; Professor And Chairman, Department Of Pharmacology And Toxicology, University Of Mississippi Medical Center, 1974-82",,,59130452.0,181428.0,True,President
Richard Jarvis,Chancellor,University Of Nevada System,,,,,,,,,President
Carol C. Harter,President,University Of Nevada Las Vegas,,,,,,133999245.0,182281.0,True,President
Joseph N. Crowley,President,University Of Nevada Reno,,,,,,134113660.0,182290.0,True,President
William C. Gordon,President (Acting),University Of New Mexico,,,,,,169521973.0,187985.0,True,President
Molly C. Broad,President,University Of North Carolina System,,,,,,4210158053.0,,False,President
Francis T. Borkowski,Chancellor,Appalachian State University,,Education: Oberlin Bs; Indiana; West Virginia State Phd,"Enroliment: Over 11,000 Faculty: Over 750 Year Founded: 1899 Career: President, University Of South Florida; Provost And Executive Vice President, University Of South Carolina; Vice Chancellor And Dean Of Faculties. Indiana University-Purdue University At Fort Wayne",,,430192.0,197869.0,False,President
Richard R. Eakin,Chancellor,East Carolina University,,,,,,186335123.0,198464.0,True,President
Mickey L. Burnim,Chancellor,Elizabeth City State University,,,,,,65399651.0,198507.0,False,President
Willis B. Mcleod,Chancellor,Fayetteville State University,,,,,,184654094.0,198543.0,False,President
Edward B. Fort,Chancellor,North Carolina Agricultural And Technical State University,,,,,,35777872.0,199102.0,True,President
Julius L. Chambers,Chancellor,North Carolina Central University,,North Carolina Central Ba; Michigan Ma; North Carolina Jd,"Director And Counsel, Naacp Legal Defense And Educational Fund",,,123127086.0,199157.0,False,President
Alex C. Ewing,Chancellor,North Carolina School Of Arts,,Yale Ba,,,,2800023490.0,199184.0,False,President
Marye Anne Fox,Chancellor,North Carolina State University,,,,,,137902535.0,199193.0,True,President
Patsy Reed,Chancellor,University Of North Carolina At Asheville,University Of North Carolina At Asheville,,,,,87097829.0,199111.0,False,President
Michael Hooker,Chancellor,University Of North Carolina At Chapel Hill,University Of North Carolina At Chapel Hill,"North Carolina 1969 Ba; Massachusetts 1972 Ma, 1973 Phd","Dean, Undergraduate And Graduate Studies, Johns Hopkins University; President, University Of Maryland-Baltimore County; President. University Of Massachusetts System",,,114027177.0,199120.0,True,President
James H. Woodward,Chancellor,University Of North Carolina At Charlotte,,,,,,102149020.0,199139.0,True,President
Patricia A. Sullivan,Chancellor,University Of North Carolina At Greensboro,,,,,,169335092.0,199148.0,True,President
Joseph B. Oxendine,Chancellor,University Of North Carolina At Pembroke,,"Catawba Ba; Boston U Med, Edd",Special Assistant Beth Carmical,,,3970613.0,199281.0,False,President
James R. Leutze,Chancellor,University Of North Carolina At Wilmington,,,,,,153901656.0,199218.0,True,President
John W. Bardo,Chancellor,Western Carolina University,,,,,,103406327.0,200004.0,False,President
Alvin J. Schenider,Chancellor,Winston Salem University,,"Grambling State 1968 Ba; Northwestern Ma, Phd","Vice Provost, Undergraduate Studies And Associate Vice President, Academic Affairs, Virginia Commonwealth University",,,,,,President
Alfred F. Hurley,Chancellor,University Of North Texas,,,,,,123534392.0,227216.0,True,President
Hank Brown,President,University Of Northern Colorado,,"Colorado Bs, Jd; George Washington Llm",,,,71966907.0,127741.0,True,President
Robert D. Koob,President,University Of Northern Iowa,,Northern Iowa Ba; Kansas Phd,,,,119234918.0,154095.0,False,President
"Rev. Edward A. Malloy, C.S.C",President,University Of Notre Dame,,,,,,107639228.0,152080.0,True,President
David L. Boren,President,University Of Oklahoma,,,"Member, U.S. Senate; Governor, State Of Oklahoma",,,8692664.0,207500.0,True,President
Judith Rodin,President,University Of Pennsylvania,,,,,,79576946.0,215062.0,True,President
Mark A. Nordenberg,Chancellor,University Of Pittsburgh,,,Special Assistant To The Chancellor And Secretary Of The Board Of Trustees,,,170201317.0,215293.0,True,President
Rev. David T. Tyson*,President,University Of Portland,,,,,,71578702.0,209825.0,False,President
Susan Resneck Pierce,President,University Of Puget Sound,,,,,,146552867.0,236328.0,False,President
James R. Appleton,President,University Of Redlands,,"Wheaton (Il) Ab; Michigan State Ma, Phd",,,,193054373.0,121691.0,False,President
Robert L. Carothers,President,University Of Rhode Island,,,,,,17626003.0,217484.0,True,President
William E. Cooper,President,University Of Richmond,,,,,,158012942.0,233374.0,False,President
Thomas H. Jackson*,President,University Of Rochester,,,,,,5388228.0,195030.0,True,President
Rev. Dennis J. Dease,President,University Of St Thomas Minnesota,,,,,,161515732.0,174914.0,True,President
"Fr. J. Michael Miller, C.S.B.*",President,University Of St Thomas Texas,,,,,,130799901.0,227863.0,False,President
Alice B. Haves,President,University Of San Diego,,,,,,160856358.0,122436.0,True,President
"Rev. John P. Schlegel, S.J",President,University Of San Francisco,,,,,,76766440.0,122612.0,True,President
"Joseph M. Mcshane, S.J",President,University Of Scranton,,"Boston Col Ba, Ma; Chicago Phd","Dean, Arts And Sciences, Fordham University",,,124113063.0,215929.0,False,President
John M. Palms,President,University Of South Carolina,,,,,,155781252.0,218663.0,True,President
James W. Abbott,President,University Of South Dakota,,,,,,189957204.0,219471.0,True,President
Gordon Moulton,President (Acting),University Of South Alabama,,,,,,83809506.0,102094.0,True,President
Steven B. Sample,President,University Of Southern California,,,,,,1174212.0,123961.0,True,President
"Horace Weldon Fleming, Jr",President,University Of Southern Mississippi,,,,,,44854399.0,176372.0,True,President
Joseph E. Johnson,President,University Of Tennessee System,,,,,,2799495847.0,,False,President
Bill W. Stacy,Chancellor,University Of Tennessee At Chattanooga,,,,,,177097968.0,221740.0,False,President
William T. Snyder,Chancellor,University Of Tennessee At Knoxville,,,,,,75027704.0,221759.0,True,President
Philip W. Conn.,Chancellor,University Of Tennessee At Martin,,,,,,109963312.0,221768.0,False,President
William R. Rice,Chancellor,University Of Tennessee At Memphis,,,,,,160606119.0,487010.0,True,President
William H. Cunningham,Chancellor,University Of Texas System,,,,,,16452829.0,,False,President
Robert Witt,President,University Of Texas At Arlington,,Bates Ba; Dartmouth Mba; Penn State Phd,"Director, Columbia Medical Center",,,189196454.0,228769.0,True,President
Larry R. Faulkner,President,University Of Texas At Austin,,,,,,86519309.0,228778.0,True,President
Juliet V. Garcia,President,University Of Texas At Brownsville/Texas Southmost College,,,,,,2802326326.0,227368.0,True,President
Franklyn G. Jenifer,President,University Of Texas At Dallas,,,,,,162577319.0,228787.0,True,President
Diana S. Natalicio,President,University Of Texas At El Paso,,St Louis U Bs; Texas Ma. Phd,,,,164936912.0,228796.0,True,President
Miguel A. Nevarez,President,University Of Texas Pan American,,Texas A&I Bs; Michigan State Ma;,,,,,,False,President
Charles A. Sorber,President,University Of Texas Of Permian Basin,,,,,,114580094.0,229018.0,False,President
Samuel A. Kirkpatrick,President,University Of Texas At San Antonio,,,,,,45438204.0,229027.0,True,President
Rodney H. Mabry,President,University Of Texas At Tyler,,,,,,221716585.0,228802.0,True,President
Kern Wildenthal,President,University Of Texas Southwestern Medical Center At Dallas,,Texas Medical (Dallas) 1960 Md; Cambridge 1970 Phd,"Career: Guest Scientist. National Heart Institute In Bethesda, Maryland; Special Research Fellow And Visiting Member, Scientific Staff, Strangeways Research Laboratory, Cambridge, England",,,4210094379.0,228635.0,True,President
M. David Low,President,University Of Texas Health Science Center At Houston,,,,,,919571938.0,229300.0,True,President
John P. Howe Iii,President,University Of Texas Health Science Center At San Antonio,,,,,,165951966.0,228644.0,True,President
"John D. Stobo, M.D.",President,University Of Texas Medical Branch At Galveston,,,,,,55302922.0,228653.0,True,President
"Louis J. Agnese, Jr",President,University Of Incarnate Word,,,Administration,,,54166199.0,225627.0,False,President
Donald V. Derosa,President,University Of Pacific,,,,,,119942576.0,120883.0,True,President
Samuel Rutheven Williamson,President,University Of South,,,,,,145423581.0,221519.0,False,President
Frank Horton,President,University Of Toledo,,,,,,90871651.0,206084.0,True,President
Robert W. Lawless,President,University Of Tulsa,,,,,,87208437.0,207971.0,True,President
J. Bernard Machen,President,University Of Utah,,,,,,223532165.0,230764.0,True,President
Judith A. Ramaley,President,University Of Vermont,,,,,,111236770.0,231174.0,True,President
John T. Casteen Iii,President,University Of Virginia,,,,,,51556381.0,234076.0,True,President
Richard L. Mccormick,President,University Of Washington,,Amherst 1969 Ba; Yale 1976 Phb,"Dean, Arts And Sciences, Rutgers University, 1989-92; Executive Vice Chancellor, University Of North Carolina At Chapel Hill",,,201448701.0,236948.0,True,President
Katharine C. Lyall,President,University Of Wisconsin System,,,,,,1304256225.0,,False,President
Donald Mash,Chancellor,University Of Wisconsin Eau Claire,,,,,,124727415.0,240268.0,False,President
Mark L. Perkins,Chancellor,University Of Wisconsin Green Bay,,,,,,129510320.0,240277.0,False,President
Judith L. Kuipers,Chancellor,University Of Wisconsin La Crosse,,,,,,4657992.0,240329.0,False,President
David Ward,Chancellor,University Of Wisconsin Madison,,,,,,135310074.0,240444.0,True,President
Nancy Zimpher,Chancellor,University Of Wisconsin Milwaukee,,,"Special Assistant, Development And Alumni Relations",,,43579087.0,240453.0,True,President
John E. Kerrigan,Chancellor,University Of Wisconsin Oshkosh,,,,,,64185308.0,240365.0,False,President
John Keating,Chancellor,University Of Wisconsin Parkside,,,,,,183437572.0,491297.0,False,President
David J. Markee,Chancellor,University Of Wisconsin Platteville,,,,,,1745920.0,240462.0,False,President
Gary A. Thibodeau,Chancellor,University Of Wisconsin River Falls,,"Creighton Bs; South Dakota State Ms, Phd",,,,14403649.0,240471.0,False,President
Thomas F. George,Chancellor,University Of Wisconsin Stevens Point,,,,,,191114373.0,240480.0,False,President
Charles Sorensen,Chancellor,University Of Wisconsin Stout,,,,,,1921588.0,240417.0,False,President
Julius E. Erlenbach,Chancellor,University Of Wisconsin Superior,,,,,,61567134.0,240426.0,False,President
H. Gaylon Greenhill,Chancellor,University Of Wisconsin Whitewater,,"Wisconsin (River Falls) Bs; Illinois Ma, Phd",,,,183533211.0,240189.0,False,President
Philip L. Dubois,President,University Of Wyoming,,"Uc Davis Ab; Wisconsin Ma, Phd","Provost And Vice Chancellor, Academic Affairs, University Of North Carolina At Charlotte",,,12834331.0,240727.0,True,President
Stephen R. Portch,Chancellor,University System Of Georgia,,,,,,1289702989.0,,False,President
"William A. Bloodworth, Jr",President,Augusta State University,,,,,,25041050.0,482149.0,True,President
C. Wayne Clough,President,Georgia Institute Of Technology,,,,,,130701444.0,139755.0,True,President
Harry S. Carter,President (Acting),Georgia Southern University,,,,,,39815113.0,139931.0,True,President
Michael L. Hanes,President,Georgia Southwestern State University,,,,,,130075709.0,139764.0,False,President
Carl Patton,President,Georgia State University,,,,,,181565077.0,139940.0,True,President
Betty L. Siegel,President,Kennesaw State University,,,,,,172980758.0,486840.0,True,President
Francis J. Tedesco,President,Medical College Of Georgia,,,,,,,,False,President
Sherman Day,President,North Georgia College And State University,,,,,,924760719.0,482680.0,False,President
Lisa A. Rossbacher,President,Southern Polytechnic State University,,,,,,206426949.0,141097.0,False,President
Beheruz N. Sethna,President,State University Of West Georgia,,,,,,5950314.0,141334.0,False,President
Michael F. Adams,President,University Of Georgia,,,,,,165733156.0,139959.0,True,President
Donald N. Langenberg,Chancellor,University System Of Maryland,,,,,,1317227900.0,,False,President
"Nathanael Pollard, Jr.",President,Bowie State University,,,,,,324100.0,162007.0,False,President
Calvin W. Burnett,President,Coppin State College,,,,,,47500952.0,162283.0,False,President
Catherine R. Gira,President,Frostburg State University,,,,,,152830075.0,162584.0,False,President
William C. Merwin,President,Salisbury State University,,,,,,9364636.0,163851.0,False,President
Hoke L. Smith,President,Towson University,,,,,,4322298.0,164076.0,False,President
H. Mebane Turner,President,University Of Baltimore,,,,,,6059380.0,161873.0,False,President
David J. Ramsay,President,University Of Maryland Baltimore,,,,,,126744593.0,163268.0,True,President
Freeman A. Hrabowski Iii,President,University Of Maryland Baltimore County,,Illinois 1971 Ma; 1975 Phd,,,,79272384.0,163268.0,True,President
"C. D. Mote, Jr.",President,University Of Maryland College Park,,,,,,66946132.0,163286.0,True,President
Dolores Richard-Spikes,President,University Of Maryland Eastern Shore,,,,,,22407884.0,163338.0,True,President
T. Benjamin Massey,President,University Of Maryland University College,,,,,,4210107443.0,163204.0,False,President
William J. Farrell,Chancellor,University System Of New Hampshire,,,,,,2800453862.0,,False,President
Joan R. Leitzel,President,University Of New Hampshire,,,,,,161057412.0,183044.0,True,President
Joan R. Leitzel,President,University Of New Hampshire Manchester,,,,,,179093154.0,183071.0,False,President
Stanley J. Yarosewick,President,Keene State College,,,,,,150638750.0,183062.0,False,President
Donald P. Wharton,President,Plymouth State College,,,,,,89312276.0,183080.0,False,President
George H. Emert,President,Utah State University,,Colorado 1962 Bs; Colorado State 1970 Ma; Virginia Tech 1973 Phd,"Microbiologist, Colorado Department Of Public Health Laboratories; Research Associate, University Of Colorado, 1973-74; Director, Biochemical Technology, Gulf Oil Corporation; Professor And Director, Biomass Research Center, University Of Arkansas; Executive Vice President, Auburn University Administration",,,121980950.0,230728.0,True,President
Alan F. Harre,President,Valparaiso University,,,,,,149744451.0,152600.0,False,President
Joe B. Wyatt,Chancellor,Vanderbilt University,,,,,,200719446.0,221999.0,True,President
Frances D. Fergusson,President,Vassar College,,"Wellesley 1965 Ba; Harvard 1966 Ma, 1973 Phd",,,,126820664.0,197133.0,False,President
"Rev. Edmund J. Dobbin, O.S.A.*",President,Villanova University,,,,,,7863295.0,216597.0,True,President
Eugene P. Trani,President,Virginia Commonwealth University,,"Notre Dame 1961 Ba; Indiana 1963 Ma, 1966 Phd",,,,184840846.0,234030.0,True,President
Maj. Gen. Josiah Bunting Iii,Superintendent,Virginia Military Institute,,"Virginia Military Inst Ba; Oxford (Uk) Ba, Ma; Hampden-Sydney Dlitt",Administration,,,185641255.0,234085.0,False,President
Paul E. Torgersen,President,Virginia Polytechnic Institute And State University,,"Lehigh 1953 Bsie; Ohio State 1956 Ms, 1959 Phd",,,,859038795.0,233921.0,True,President
Andrew T. Ford,President,Wabash College,,,,,,24511612.0,152673.0,False,President
"Thomas K. Hearn, Jr",President,Wake Forest University,,Birmingham-Southern Ba; Southern Baptist Bd; Vanderbilt Phd,,,,47251452.0,199847.0,True,President
Brian C. Mitchell,President,Washington And Jefferson College,,,,,,28527212.0,216667.0,False,President
John W. Elrod,President,Washington And Lee University,,,,,,184889055.0,234207.0,False,President
Samuel H. Smith,President,Washington State University,,,,,,72951846.0,236939.0,True,President
Mark S. Wrighton,Hudson E. Bridge Chancellor,Washington University,,,,,,204465549.0,179867.0,True,President
Irvin D. Reid,President,Wayne State University,,,,,,185443292.0,172644.0,True,President
Paul H. Thompson,President,Weber State University,,,,,,119261591.0,230782.0,False,President
Diana Chapman Walsh,President,Wellesley College,,,,,,189731429.0,168218.0,False,President
Douglas J. Bennet,President,Wesleyan University,,"Pennsylvania Ba; Suny (Stony Brook) Ma; Yale Mphil, Phd",Member Of The Board,,,100538780.0,130697.0,False,President
"David C. Hardesty, Jr",President,West Virginia University,,Oxford (Uk) 1969 Ma; Harvard 1973 Jd,"Tax Commissioner, State Of West Virginia, 1977-80",,,12097938.0,238032.0,True,President
William R. Haden,President,West Virginia Wesleyan College,,,,,,45013219.0,237969.0,False,President
Gary A. Ransdell,President,Western Kentucky University,,,,,,94339441.0,157951.0,False,President
Elson S. Floyd,President,Western Michigan University,,"North Carolina Ba, Ma, Phd","Executive Vice President, Eastern Washington University; Executive Director, Washington State Higher Education Coordinating Board; Executive Vice Chancellor, University Of North Carolina At Chapel Hill, 1995-98",,,141649380.0,172699.0,True,President
Karen W. Morse,President,Western Washington University,,,,,,52669646.0,237011.0,False,President
Peggy A. Stock,President,Westminster College,,,,,,156220630.0,230807.0,False,President
Duane Litfin,President,Wheaton College Massachusetts,,,,,,53618229.0,149781.0,False,President
Dale Rogers Marshall,President,Wheaton College Illinois,,Cornell Ba; Uc Berkeley Ma; Ucla Phd,,,,73236664.0,149781.0,False,President
"Rev. Thomas S. Acker, S.J",President,Wheeling Jesuit University,,,,,,18283598.0,238078.0,False,President
Thomas E. Cronin,President,Whitman College,,,,,,138943879.0,237057.0,False,President
William P. Robinson,President,Whitworth College,,Northern Iowa Ba; Pittsburgh Phd,,,,168046917.0,237066.0,False,President
Eugene M. Hughes,President,Wichita State University,,,,,,39587148.0,156125.0,True,President
Robert J. Bruce,President,Widener University,,Colby Ab; Massachusetts Ma,,,,138659443.0,216852.0,True,President
M. Lee Pelton,President,Willamette University,,,,,,141670070.0,210401.0,False,President
Harry C. Payne,President,Williams College,,"Yale 1969 Ba, 1973 Phd",,,,22675022.0,168342.0,False,President
Anthony J. Digiorgio,President,Winthrop University,,,,,,169086405.0,218964.0,False,President
Baird Tipson,President,Wittenberg University,,,,,,18860807.0,206525.0,False,President
"Joab M. Lesesne, Jr",President,Wofford College,,,,,,130905186.0,218973.0,False,President
Edward A. Parrish,President,Worcester Polytechnic Institute,,,,,,107077323.0,168421.0,True,President
Kim Goldenberg,President,Wright State University,,,Administration,,,19648265.0,206604.0,True,President
"Rev. James E. Hoff, S.J",President,Xavier University,,"Xavier (Oh) Ba, Med",,,,194120229.0,206622.0,False,President
Norman C. Francis,President,Xavier University Of Louisiana,,,President Norman C. Francis.,,,169251466.0,160904.0,False,President
Richard Charles Levin,President,Yale University,,,,,,32971472.0,130794.0,True,President
Norman Lamm,President,Yeshiva University,,Yeshiva 1966 Phd,,,,19772626.0,197708.0,True,President
"Sr. M. Aquinas Weber, O.P",Chancellor,Aquinas College,,,,,,98905627.0,168786.0,False,President
Very Rev. Wilfrid J. Dufault,Chancellor,Assumption College,,,,,,145210474.0,164562.0,False,President
Roy H. Saigo,Chancellor,Auburn University,Auburn University at Montgomery,,,,,82497590.0,100858.0,True,President
John Silber,Chancellor,Boston University,,,,,,111088046.0,164988.0,True,President
James Cardinal Hickey,Chancellor,Catholic University Of America,,,,,,84470341.0,131283.0,True,President
Billy E. Frye,Chancellor,Emory University,,,,,,150468666.0,139658.0,True,President
"Bernard J. Coughlin, S.J",Chancellor,Gonzaga University,,,,,,119888943.0,235316.0,False,President
"Donald P. Merrifield, S.J.",Chancellor,Loyola Marymount University,,,,,,35566140.0,117946.0,True,President
"Rev. James C. Carter, S.J",Chancellor,Loyola University,,,,,,173012211.0,159656.0,False,President
Charles W. Manning*,Chancellor,Marshall University,,,,,,88694374.0,237525.0,True,President
Lawrence S. Bacon,Chancellor,Massachusetts Institute Of Technology,,,,,,63966007.0,166683.0,True,President
Kenneth G. Ryder,Chancellor,Northeastern University,,,,,,12912129.0,167358.0,True,President
Arnold R. Weber,Chancellor,Northwestern University,,,,,,111979921.0,147767.0,True,President
Charles B. Runnels,Chancellor,Pepperdine University,,,,,,100191712.0,121150.0,True,President
George Bugliarello,Chancellor,Polytechnic University,,,,,,57206974.0,193900.0,True,President
Gen. Fred F. Marty,Chancellor,Southwest Missouri State University,West Plains Campus,,,,,119942284.0,179566.0,False,President
Kenneth A. Shaw,Chancellor,Syracuse University,,,,,,70983195.0,196413.0,True,President
John T. Montford,Chancellor,Texas Tech University,,Texas 1965 BA,,,,12315562.0,229115.0,True,President
Elisabeth A. Zinser,Chancellor,University Of Kentucky,,,,,,143302722.0,157085.0,True,President
E. Bruce Heilman,Chancellor,University Of Richmond,,,,,,158012942.0,233374.0,False,President
"Rev. John Lo Schiavo, S.J",Chancellor,University Of San Francisco,,,,,,76766440.0,122612.0,True,President
Robert E. Alexander,Chancellor,University Of South Carolina,USC Aiken,,,,,155781252.0,218663.0,True,President
"Rev. Joseph A. Burke, S.J",Chancellor,Wheeling Jesuit University,,,,,,18283598.0,238078.0,False,President
