Name,Position,Institution,SubInstitution,Education,Other Affiliation,page,Career,AffiliationId,carnegie_id,PrimarySample,FixedPosition
Barbara L. Chase,Fellow,Brown University,Board of Fellows,,,154.0,,27804330.0,217156.0,True,Trustee
John P. Birkelund,Fellow,Brown University,Board of Fellows,,"President, American Heritage Forbes Bldg., 60 5th Ave., New York, NY 10011 Tel: (212) 206-5500 Fax: (212) 620-2332",154.0,,27804330.0,217156.0,True,Trustee
E. Gordon Gee,President,Brown University,Board of Fellows,,,154.0,,27804330.0,217156.0,True,Board President
Kathryn S. Fuller,Fellow,Brown University,Board of Fellows,Brown 1976 AB,,154.0,,27804330.0,217156.0,True,Trustee
Timothy C. Forbes,Fellow,Brown University,Board of Fellows,,,154.0,,27804330.0,217156.0,True,Trustee
Elizabeth Z. Chace,Fellow,Brown University,Board of Fellows,,,154.0,,27804330.0,217156.0,True,Trustee
Steven R. Jordan,Fellow,Brown University,Board of Fellows,,,154.0,,27804330.0,217156.0,True,Trustee
Artemis A.W. Joukowsky,Fellow,Brown University,Board of Fellows,,,154.0,,27804330.0,217156.0,True,Trustee
Frederick Lippitt,Fellow,Brown University,Board of Fellows,,,154.0,,27804330.0,217156.0,True,Trustee
David E. McKinney,Fellow,Brown University,Board of Fellows,,,154.0,,27804330.0,217156.0,True,Trustee
Wendy J. Strothman,Secretary,Brown University,Board of Fellows,,"Executive Vice President, Trade and Reference Division, Houghton Mifflin Company 222 Berkeley St., Boston, MA 02116-3764 Tel: (617) 351-5909 Fax: (617) 351-1100",154.0,,27804330.0,217156.0,True,Other Board Member
E. Gordon Gee,Fellow,Brown University,Board of Fellows,,,154.0,,27804330.0,217156.0,True,Trustee
Alva O. Way,Fellow,Brown University,Board of Fellows,,"Chairman, IBJ Schroder Bank & Trust Company 1 State St., New York, NY 10004 Tel: (212) 858-2545 Fax: (212) 425-0542",154.0,,27804330.0,217156.0,True,Trustee
"William C. Smith, Jr.",Trustee,Clemson University,,,"Chief Executive Officer, Holmes Smith Developments, Inc",204.0,,8078737.0,217882.0,True,Member
Joseph D. Swann,Vice Chairmay,Clemson University,,,"Vice President and General Manager, Dodge/Rockwell Automation",204.0,,8078737.0,217882.0,True,Board Vice President
Harold D. Kingsmore,Trustee,Clemson University,,,Kingsmore Enterprises,204.0,,8078737.0,217882.0,True,Member
Allen P. Wood,Trustee,Clemson University,,,"President, Wilkins, Wood Goforth, Assoc., Ltd",204.0,,8078737.0,217882.0,True,Member
"Leon J. Hendrix, Jr",Trustee,Clemson University,,,"Clayton, Dubilier & Rice, Inc",204.0,,8078737.0,217882.0,True,Member
Louis B. Lynn,Trustee,Clemson University,,,"President, ENVIRO AgScience, Inc",204.0,,8078737.0,217882.0,True,Member
Bill L. Amick,Trustee,Clemson University,,,"Chairman and Chief Executive Officer, Amick Farms",204.0,,8078737.0,217882.0,True,Member
Leslie G. McCraw,Trustee,Clemson University,,,"Chairman and Chief Executive Officer, Fluor Corporation",204.0,,8078737.0,217882.0,True,Member
Ellison Smyth McKissick III,Trustee,Clemson University,,,"President and Treasurer, Alice Manufacturing Company, Inc",204.0,,8078737.0,217882.0,True,Member
"Thomas B. McTeer, Jr.",Trustee,Clemson University,,,"President, McTeer Real Estate, Inc",204.0,,8078737.0,217882.0,True,Member
"Lawrence M. Gressette, Jr",Chairman,Clemson University,,,"Executive Committee Chairman, SCANA Corporation",204.0,,8078737.0,217882.0,True,Board President
John. Britton,Trustee,Clemson University,,,,204.0,,8078737.0,217882.0,True,Member
Patricia Herring McAbee,Trustee,Clemson University,,,Piedmont Technical College,204.0,,8078737.0,217882.0,True,Member
Monte Ahuja,Trustee,Cleveland State University,,,,206.0,,102607778.0,202134.0,True,Regent
Nancy C. Cribbs,University Legal Counsel,Cleveland State University,,,,206.0,,102607778.0,202134.0,True,Other Board Member
Samuel H. Miller,Trustee,Cleveland State University,,,,206.0,,102607778.0,202134.0,True,Regent
"Edward J. ""Ed"" Crawford Ill",Trustee,Cleveland State University,,,,206.0,,102607778.0,202134.0,True,Regent
Nancy C. Cribbs,Secretary,Cleveland State University,,,,206.0,,102607778.0,202134.0,True,Other Board Member
Sally Florkiewicz,Trustee,Cleveland State University,,,,206.0,,102607778.0,202134.0,True,Regent
David G. Hill,Vice Chairman,Cleveland State University,,,,206.0,,102607778.0,202134.0,True,Board Vice President
Carl D. Glickman,Trustee,Cleveland State University,,,,206.0,,102607778.0,202134.0,True,Regent
William F. Patient,Chairman,Cleveland State University,,,,206.0,,102607778.0,202134.0,True,Board President
Donna Phillips,Faculty Representative Trustee,Cleveland State University,,,,206.0,,102607778.0,202134.0,True,Other Board Member
Timothy J. Cosgrove,Trustee,Cleveland State University,,,,206.0,,102607778.0,202134.0,True,Regent
Michael L. Climaco,Treasurer,Cleveland State University,,,,206.0,,102607778.0,202134.0,True,Other Board Member
Neil Leon Rudestine,Fellow,Harvard University,,,,284.0,,136199984.0,166027.0,True,Overseer
Neil Leon Rudestine,President,Harvard University,,,,284.0,,136199984.0,166027.0,True,Board President
James R. Houghton,Fellow,Harvard University,,,"Chairman of the Board, Corning, Inc",284.0,,136199984.0,166027.0,True,Overseer
Hanna H. Gray,Fellow,Harvard University,,"Bryn Mawr 1950 AB; Harvard 1957 PhD; Yale 1971 MA, 1978 LLD","Chairperson, The Andrew W. Mellon Foundation",284.0,,136199984.0,166027.0,True,Overseer
D. Ronald Daniel,Fellow,Harvard University,,,,284.0,,136199984.0,166027.0,True,Overseer
D. Ronald Daniel,Treasurer,Harvard University,,,,284.0,,136199984.0,166027.0,True,Other Board Member
Judith Richards Hope,Fellow,Harvard University,,,"Senior Counsel, Paul, Hastings, Janofsky & Walker, LLP",284.0,,136199984.0,166027.0,True,Overseer
Norbert Lewandowski,Trustee,Kent State University,,,,309.0,,149910238.0,203517.0,True,Regent
Kristi Marie Zofchak,Student Trustee,Kent State University,,,,309.0,,149910238.0,203517.0,True,Other Board Member
Earl W. Williams,Vice Chairman,Kent State University,,,,309.0,,149910238.0,203517.0,True,Board Vice President
James N. Walters IV,Student Trustee,Kent State University,,,,309.0,,149910238.0,203517.0,True,Other Board Member
Vincent D. Pettinelli,Secretary,Kent State University,,,,309.0,,149910238.0,203517.0,True,Other Board Member
James R. Schubert,Trustee,Kent State University,,,,309.0,,149910238.0,203517.0,True,Regent
Lynne S. Dragomier,Trustee,Kent State University,,,,309.0,,149910238.0,203517.0,True,Regent
R. Douglas Cowan,Trustee,Kent State University,,,,309.0,,149910238.0,203517.0,True,Regent
Vincent A. Chiarucci,Chairman,Kent State University,,,,309.0,,149910238.0,203517.0,True,Board President
James M. Biggar,Trustee,Kent State University,,,,309.0,,149910238.0,203517.0,True,Regent
Burton V. Jones,Vice Chairman,Kent State University,,,,309.0,,149910238.0,203517.0,True,Board Vice President
Terry Semel,Trustee,Long Island University,,,"Chairman and Co-Chief Executive Officer, Warner Bros",324.0,,138873065.0,192448.0,True,Overseer
William E. Viklund,Executive Committee Member,Long Island University,,,"President and Chief Executive Officer, Rosalind P. Walter Long Island Savings Bank",325.0,,138873065.0,192448.0,True,Other Board Member
Dan K. Wassong,Trustee,Long Island University,,,"Chairman, President and Chief Executive Officer, Del Laboratories, Inc",325.0,,138873065.0,192448.0,True,Overseer
Edward J. Yodowitz,Affiliation: Senior Partner,Long Island University,,,"Skadden, Arps, Slate, Meagher & Flom LLP",325.0,,138873065.0,192448.0,True,Other Board Member
Warren L. Schwerin,Trustee,Long Island University,,,"President and Chief Executive Officer, Related Properties Corporation",324.0,,138873065.0,192448.0,True,Overseer
Robert EX. Sillerman,"Chancellor, Southampton College",Long Island University,,,,324.0,,138873065.0,192448.0,True,Board President
Steven A. Klar,Trustee,Long Island University,,,"President, The Klar Organization",324.0,,138873065.0,192448.0,True,Overseer
Steven J. Kumble,Secretary,Long Island University,,,"Chairman, Lincolnshire Management, Inc",324.0,,138873065.0,192448.0,True,Other Board Member
Thomas L. Pulling,Executive Committee Member,Long Island University,,,"Managing Director, Asset Management, Salomon Smith Barney",324.0,,138873065.0,192448.0,True,Other Board Member
Eric Krasnoff,Trustee,Long Island University,,,"Chairman and Chief Executive Officer, Pall Corporation",324.0,,138873065.0,192448.0,True,Overseer
Stephen P. Kaufman,Trustee,Long Island University,,,"Chairman and Chief Executive Officer, Arrow Electronics, Inc",324.0,,138873065.0,192448.0,True,Overseer
William E. Viklund,Trustee,Long Island University,,,"President and Chief Executive Officer, Rosalind P. Walter Long Island Savings Bank",325.0,,138873065.0,192448.0,True,Overseer
Bruce C. Ratner,Trustee,Long Island University,,,"President and Chief Executive Officer, Forest City Ratner Companies",324.0,,138873065.0,192448.0,True,Overseer
John O. Utendahl,Trustee,Long Island University,,,"President and Chief Executive Officer, Utendahl Capital Partners, L.P",325.0,,138873065.0,192448.0,True,Overseer
David J. Steinberg,President,Long Island University,,,,325.0,,138873065.0,192448.0,True,Board President
Roger Tilles,Executive Committee Member,Long Island University,,,"Director, The Tilles Investment Company",325.0,,138873065.0,192448.0,True,Other Board Member
Roger Tilles,Chairman,Long Island University,,,"Director, The Tilles Investment Company",325.0,,138873065.0,192448.0,True,Board President
Ronald J. Sylvestri,Trustee And Executive,Long Island University,,,"Vice President, Fleet Investment Committee Member Management",325.0,,138873065.0,192448.0,True,Overseer
Ronald J. Sylvestri,"Chancellor, Regional Campuses",Long Island University,,,"Vice President, Fleet Investment Committee Member Management",325.0,,138873065.0,192448.0,True,Board President
Edward Travaglianti,"Chancellor, Brooklyn Campus",Long Island University,,,"Chairman and Chief Executive Officer, Committee Member",325.0,,138873065.0,192448.0,True,Board President
Msgr. Thomas J. Hartman,Trustee,Long Island University,,,"Director, Radio and Television, Telecare",324.0,,138873065.0,192448.0,True,Overseer
Rev. Paul Smith,Trustee,Long Island University,,,"Senior Minister, First Presbyterian Church Brooklyn Heights, NY",325.0,,138873065.0,192448.0,True,Overseer
Howard M. Smith,Trustee,Long Island University,,,"President and Chief Executive Officer, Dr. Fabricant's Foot Health Products, Inc.",325.0,,138873065.0,192448.0,True,Overseer
Marvin M. Sirota,Trustee,Long Island University,,,"President and Chairman, Interactive Health Management, Inc.",325.0,,138873065.0,192448.0,True,Overseer
Eleanor Simpson,Chairman,Long Island University,,,"Mayor, Incorporated Village of Old Westbury",325.0,,138873065.0,192448.0,True,Board President
Howard Silverman,Trustee,Long Island University,,,"Chairman, President and Chief Executive Officer, Gruntal & Company, Inc.",325.0,,138873065.0,192448.0,True,Overseer
Robert EX. Sillerman,Executive Committee Member,Long Island University,,,,324.0,,138873065.0,192448.0,True,Other Board Member
Robert EX. Sillerman,Trustee,Long Island University,,,,324.0,,138873065.0,192448.0,True,Overseer
David J. Steinberg,Ex Officio Trustee,Long Island University,,,,325.0,,138873065.0,192448.0,True,"Overseer, Ex Officio"
Edward Travaglianti,Trustee And Executive,Long Island University,,,"Chairman and Chief Executive Officer, Committee Member",325.0,,138873065.0,192448.0,True,Overseer
Ernest P. Gonzalez,Trustee,Long Island University,,,"President and Chief Executive Officer, Captree Chemical Corp",324.0,,138873065.0,192448.0,True,Overseer
Msgr. Thomas J. Hartman,Executive Committee Member,Long Island University,,,"Director, Radio and Television, Telecare",324.0,,138873065.0,192448.0,True,Other Board Member
"George L. Engelke, Jr",Trustee,Long Island University,,,"Chairman, President and Chief Executive Officer, Astoria Federal Savings and Loan Association",324.0,,138873065.0,192448.0,True,Overseer
Howard M. Lorber,Trustee,Long Island University,,,"Chairman, Hallman & Lorber AssociateS",324.0,,138873065.0,192448.0,True,Overseer
Thomas L. Pulling,Trustee,Long Island University,,,"Managing Director, Asset Management, Salomon Smith Barney",324.0,,138873065.0,192448.0,True,Overseer
"Edmund T. Pratt, Jr",Trustee,Long Island University,,,"Chairman and Chief Executive Officer, Pfizer Inc",324.0,,138873065.0,192448.0,True,Overseer
David Pinter,Executive Committee Member,Long Island University,,,"President and Chief Executive Officer, Zwicker Electric Company, Inc",324.0,,138873065.0,192448.0,True,Other Board Member
Arthur I. Goldberg,Trustee,Long Island University,,,"Law Partner, Jacobson & Goldberg",324.0,,138873065.0,192448.0,True,Overseer
Theresa Mall Mullarkey,Executive Committee Member,Long Island University,,"President, Mall Associates",,324.0,,138873065.0,192448.0,True,Other Board Member
Howard M. Lorber,Executive Committee Member,Long Island University,,,"Chairman, Hallman & Lorber AssociateS",324.0,,138873065.0,192448.0,True,Other Board Member
Theresa Mall Mullarkey,Trustee,Long Island University,,"President, Mall Associates",,324.0,,138873065.0,192448.0,True,Overseer
Eugene H. Luntey,Trustee,Long Island University,,"Chairman, Chief Executive Officer and President, Brooklyn Union Gas Company",,324.0,,138873065.0,192448.0,True,Overseer
Theresa Mall Mullarkey,"Chancellor, C. W. Post Campus",Long Island University,,"President, Mall Associates",,324.0,,138873065.0,192448.0,True,Board President
Nancy Hicks Maynard,Trustee,Long Island University,,,Maynard Partners Incorporated,324.0,,138873065.0,192448.0,True,Overseer
John M. May,Executive Committee Member,Long Island University,,International Management Consultant,,324.0,,138873065.0,192448.0,True,Other Board Member
John M. May,Trustee,Long Island University,,International Management Consultant,,324.0,,138873065.0,192448.0,True,Overseer
Joseph L. Mancino,Trustee,Long Island University,,,"Chairman, President and Chief Executive Officer, Roslyn Savings Bank and Roslyn Bancorp, Inc",324.0,,138873065.0,192448.0,True,Overseer
"William Lynch, Jr",Executive Committee Member,Long Island University,,,"Vice President, MacAndrews & Forbes Holdings, Inc",324.0,,138873065.0,192448.0,True,Other Board Member
David Pinter,Trustee,Long Island University,,,"President and Chief Executive Officer, Zwicker Electric Company, Inc",324.0,,138873065.0,192448.0,True,Overseer
Eugene H. Luntey,Executive Committee Member,Long Island University,,"Chairman, Chief Executive Officer and President, Brooklyn Union Gas Company",,324.0,,138873065.0,192448.0,True,Other Board Member
"William Lynch, Jr",Trustee,Long Island University,,,"Vice President, MacAndrews & Forbes Holdings, Inc",324.0,,138873065.0,192448.0,True,Overseer
Anne W. Ellis,Trustee,Long Island University,,,"Board Chair, WLIW-TV",324.0,,138873065.0,192448.0,True,Overseer
Donald H. Elliott,Executive Committee Member,Long Island University,,,"Partner, Hollyer, Brady, et al",324.0,,138873065.0,192448.0,True,Other Board Member
William F. de Neergaard,Executive Committee Member,Long Island University,,,"President and Owner, Neergaard Pharmacies",324.0,,138873065.0,192448.0,True,Other Board Member
William F. de Neergaard,Trustee,Long Island University,,,"President and Owner, Neergaard Pharmacies",324.0,,138873065.0,192448.0,True,Overseer
Sidney Braginsky,Member of the Board,Long Island University,,,"President, Olympus America Inc",324.0,,138873065.0,192448.0,True,Overseer
Donald H. Elliott,Trustee,Long Island University,,,"Partner, Hollyer, Brady, et al",324.0,,138873065.0,192448.0,True,Overseer
Stanley F. Barshay,Trustee,Long Island University,,,"Senior Vice President, American Home Products",324.0,,138873065.0,192448.0,True,Overseer
Eric Krasnoff,Executive Committee Member,Long Island University,,,"Chairman and Chief Executive Officer, Pall Corporation",324.0,,138873065.0,192448.0,True,Other Board Member
Eleanor Simpson,Chief Executive Officer,Long Island University,,,"Mayor, Incorporated Village of Old Westbury",325.0,,138873065.0,192448.0,True,Other Board Member
Steven J. Kumble,Executive Committee Member,Long Island University,,,"Chairman, Lincolnshire Management, Inc",324.0,,138873065.0,192448.0,True,Other Board Member
William P. Miller,Trustee,Long Island University,,,"Owner, Miller Transmission Tower Company",324.0,,138873065.0,192448.0,True,Overseer
Mark A. Boyar,Trustee,Long Island University,,,"President, Mark Boyar & Company",324.0,,138873065.0,192448.0,True,Overseer
Frances T. Henry,Regent,Louisiana Tech University,,,,581.0,,919208787.0,,True,Member
John D. Georges,Regent,Louisiana Tech University,,,,581.0,,919208787.0,,True,Member
Norbert A. Simmons,Regent,Louisiana Tech University,,,,581.0,,919208787.0,,True,Member
Pat A. Strong,Regent,Louisiana Tech University,,,,582.0,,919208787.0,,True,Member
Roland M. Toups,Regent,Louisiana Tech University,,,,582.0,,919208787.0,,True,Member
William T. Roberts,Secretary,Louisiana Tech University,,,,581.0,,919208787.0,,True,Other Board Member
Melvin Rambin,Regent,Louisiana Tech University,,,,581.0,,919208787.0,,True,Member
Richard E. D'Aquin,Vice Chairman,Louisiana Tech University,,,,581.0,,919208787.0,,True,Board Vice President
Ryan GattiStudent,Regent,Louisiana Tech University,,,,581.0,,919208787.0,,True,Member
Reggie Dupre,Regent,Louisiana Tech University,,,,581.0,,919208787.0,,True,Member
Michael K. Dees,Regent,Louisiana Tech University,,,,581.0,,919208787.0,,True,Member
Harold Callais,Regent,Louisiana Tech University,,,,581.0,,919208787.0,,True,Member
Scott Brame,Regent,Louisiana Tech University,,,,581.0,,919208787.0,,True,Member
"Herschel L. Abbott, Jr",Regent,Louisiana Tech University,,,,581.0,,919208787.0,,True,Member
Mary Ella Sanders,Chairperson,Louisiana Tech University,,,,581.0,,919208787.0,,True,Board President
"Virgil Robinson, Jr",Regent,Louisiana Tech University,,,,581.0,,919208787.0,,True,Member
Javier R. Uribe,Trustee,Loyola Marymount University,,,Loyola Marymount University,331.0,,35566140.0,117946.0,True,Regent
"Joan Tracy, RSHM",Trustee,Loyola Marymount University,,,Loyola Marymount University,331.0,,35566140.0,117946.0,True,Regent
Marilyn P. Sutton,Vice Chairperson,Loyola Marymount University,,,Loyola Marymount University,331.0,,35566140.0,117946.0,True,Board Vice President
Clarence L. Shields,Trustee,Loyola Marymount University,,,Loyola Marymount University,331.0,,35566140.0,117946.0,True,Regent
Dorothy Babbitt Shea,Trustee,Loyola Marymount University,,,Loyola Marymount University,331.0,,35566140.0,117946.0,True,Regent
Joan A. Payden,Trustee,Loyola Marymount University,,,Loyola Marymount University,331.0,,35566140.0,117946.0,True,Regent
"Rev. John J. Piderit, SJ",Trustee,Loyola Marymount University,,,Loyola Marymount University,331.0,,35566140.0,117946.0,True,Regent
Peter B. Caloyeras,Trustee,Loyola Marymount University,,,Loyola Marymount University,331.0,,35566140.0,117946.0,True,Regent
"Rev. Robert V. Caro, S.J",Secretary,Loyola Marymount University,,,Loyola Marymount University,331.0,,35566140.0,117946.0,True,Other Board Member
John A. McMahon,Trustee,Loyola Marymount University,,,Loyola Marymount University,331.0,,35566140.0,117946.0,True,Regent
Sr. Mary E. Milligan,Trustee,Loyola Marymount University,,,Loyola Marymount University,331.0,,35566140.0,117946.0,True,Regent
Paul W. Mikos,Trustee,Loyola Marymount University,,,Loyola Marymount University,331.0,,35566140.0,117946.0,True,Regent
Avedick B. Poladian,Vice Chairman,Loyola Marymount University,,,Loyola Marymount University,331.0,,35566140.0,117946.0,True,Board Vice President
John F. Cosgrove,Trustee,Loyola Marymount University,,,Loyola Marymount University,331.0,,35566140.0,117946.0,True,Regent
"Rev. Joseph A. Appleyard, S.J",Trustee,Loyola Marymount University,,,Loyola Marymount University,331.0,,35566140.0,117946.0,True,Regent
R. Chad Dreier,Chairman,Loyola Marymount University,,,Loyola Marymount University,331.0,,35566140.0,117946.0,True,Board President
Kathleen L. McCarthy,Vice Chairperson,Loyola Marymount University,,,Loyola Marymount University,331.0,,35566140.0,117946.0,True,Board Vice President
"Thomas R. Von Der Ahe, Sr",Trustee,Loyola Marymount University,,,Loyola Marymount University,331.0,,35566140.0,117946.0,True,Regent
"Ellen Jordan, CSJ",Trustee,Loyola Marymount University,,,Loyola Marymount University,331.0,,35566140.0,117946.0,True,Regent
Fiorenza Courtright Lucas,Trustee,Loyola Marymount University,,,Loyola Marymount University,331.0,,35566140.0,117946.0,True,Regent
"Rev. Robert B. Lawton, SJ",Trustee,Loyola Marymount University,,,Loyola Marymount University,331.0,,35566140.0,117946.0,True,Regent
"Thomas E. Larkin, Jr",Trustee,Loyola Marymount University,,,Loyola Marymount University,331.0,,35566140.0,117946.0,True,Regent
Christopher C. Wrather,Trustee,Loyola Marymount University,,,Loyola Marymount University,331.0,,35566140.0,117946.0,True,Regent
William E. Hickman,Trustee,Loyola Marymount University,,,Loyola Marymount University,331.0,,35566140.0,117946.0,True,Regent
John F. Grundhofer,Trustee,Loyola Marymount University,,,Loyola Marymount University,331.0,,35566140.0,117946.0,True,Regent
Robert Forgnone,Trustee,Loyola Marymount University,,,Loyola Marymount University,331.0,,35566140.0,117946.0,True,Regent
"Rev. Michael E. Engh, S.J",Trustee,Loyola Marymount University,,,Loyola Marymount University,331.0,,35566140.0,117946.0,True,Regent
Bobert J. Emmons,Vice Chairman,Loyola Marymount University,,,Loyola Marymount University,331.0,,35566140.0,117946.0,True,Board Vice President
John F. O'Reilly,Trustee,Loyola Marymount University,,,Loyola Marymount University,331.0,,35566140.0,117946.0,True,Regent
James A. Kennedy,Trustee,New Jersey Institute Of Technology,,,"Affiliation: President and Chief Executive Officer, National Starch and Chemical Company",366.0,,118118575.0,185828.0,True,Overseer
Martin Tuchman,Trustee,New Jersey Institute Of Technology,,,"Affiliation: Chairman and Chief Executive Officer, Interpool, Inc",366.0,,118118575.0,185828.0,True,Overseer
Oswald L. Cano,Trustee,New Jersey Institute Of Technology,,,"Affiliation: General Manager, Corporate Responsibilities, Public Service Electric and Gas Company",366.0,,118118575.0,185828.0,True,Overseer
Victor A. Pelson,Trustee,New Jersey Institute Of Technology,,,"Affiliation: Director and Senior Advisor, SBC Warburg Dillion Read IncSwiss Bank Ctr. One, 677 Washington Blvd., Stamford, CT 06901 Tel: (203) 719-3000 Fax: (203) 719-5499",366.0,,118118575.0,185828.0,True,Overseer
The Hon. Sharpe James,Ex Officio Trustee,New Jersey Institute Of Technology,,Education: Montclair State BA; Springfield (MA) MA,"Career: Professor, Essex County College, 1968-86",366.0,,118118575.0,185828.0,True,"Overseer, Ex Officio"
John N. Bain,Trustee,New Jersey Institute Of Technology,,,"Affiliation: Carella, Byrne, Bain & Gilfillan",366.0,,118118575.0,185828.0,True,Overseer
W. Stanley Brown,Trustee,New Jersey Institute Of Technology,,,Affiliation: Consultant,366.0,,118118575.0,185828.0,True,Overseer
"Hamilton V. Bowser, Sr",Trustee,New Jersey Institute Of Technology,,,"Affiliation: President, Evanbow Construction Company, Inc",366.0,,118118575.0,185828.0,True,Overseer
Laura Bigley Battjer,Trustee,New Jersey Institute Of Technology,,,"Affiliation: President, Battier & Associates",366.0,,118118575.0,185828.0,True,Overseer
"Anthony J. Knapp, Jr",Trustee,New Jersey Institute Of Technology,,,"Affiliation: Proprietor, Black Horse Inn",366.0,,118118575.0,185828.0,True,Overseer
Christine B. Whitman,Ex Officio Trustee,New Jersey Institute Of Technology,,Education: Wheaton (MA) 1968 BA,,366.0,,118118575.0,185828.0,True,"Overseer, Ex Officio"
Elizabeth K. Lanier,Regent,Ohio State University,,Smith BA; Columbia JD,"Vice President and General Counsel, GE Power Systems",387.0,,52357470.0,204796.0,True,Trustee
Robert A. Gardner,Ex Officio Regent,Ohio State University,,Bowling Green State BA,"Member, Ohio Senate 2170 Chimney Ridge Rd., Madison, OH 44057",387.0,,52357470.0,204796.0,True,"Trustee, Ex Officio"
"Tahlman Krumm, Jr",Chairman,Ohio State University,,South Florida BA; Ohio State PhD,"Founder and Chairman, Inquest LLC",387.0,,52357470.0,204796.0,True,Board President
Jeanette G. Grasselli Brown,Vice Chairperson,Ohio State University,,Ohio BS; Case Western MS,Chairperson of the Board of Trustees,387.0,,52357470.0,204796.0,True,Board Vice President
Gerald M. Miller,Regent,Ohio State University,,Dayton BA,"Chairman and Managing Partner, Miller-Valentine Group",387.0,,52357470.0,204796.0,True,Trustee
J. Gilbert Reese,Regent,Ohio State University,,"Ohio State BA, JD","Senior Partner, Reese, Pyle, Drake & Mever",387.0,,52357470.0,204796.0,True,Trustee
Stephen A. Perry,Regent,Ohio State University,,Akron BS; Stanford MS,"Vice President, Human Resources and Logistics, The Timken Company",387.0,,52357470.0,204796.0,True,Trustee
Ralph E. Schey,Regent,Ohio State University,,Ohio BS; Harvard MBA,"Chairman and Chief Executive Officer, The Scott Fetzer Company",387.0,,52357470.0,204796.0,True,Trustee
Gerald H. Gordon,Secretary,Ohio State University,,"Cleveland State BA, MA","President and Chief Operating Officer, Sun Media Corporation 5510 Cloverleaf Pkwy., Cleveland, OH 44125-4887 * Member of the Board",387.0,,52357470.0,204796.0,True,Other Board Member
Thomas W. Noe,Regent,Ohio State University,,,"President, Vintage Coins and Cards",387.0,,52357470.0,204796.0,True,Trustee
Elizabeth K. Lanier,Regent,Ohio University,,Smith BA; Columbia JD,"Vice President and General Counsel, GE Power Systems",389.0,,4210106879.0,204857.0,True,Trustee
Jeanette G. Grasselli Brown,Vice Chairperson,Ohio University,,Ohio BS; Case Western MS,,389.0,,4210106879.0,204857.0,True,Board Vice President
Gerald H. Gordon,Secretary,Ohio University,,"Cleveland State BA, MA","President and Chief Operating Officer, Sun Media Corporation",389.0,,4210106879.0,204857.0,True,Other Board Member
"Tahlman Krumm, Jr",Chairman,Ohio University,,South Florida BA; Ohio State PhD,"Founder and Chairman, Inquest LIC",389.0,,4210106879.0,204857.0,True,Board President
Robert A. Gardner,Ex Officio Regent,Ohio University,,Bowling Green State BA,"Member, Ohio Senate",389.0,,4210106879.0,204857.0,True,"Trustee, Ex Officio"
Gerald M. Miller,Regent,Ohio University,,Dayton BA,"Chairman and Managing Partner, Miller-Valentine Group",389.0,,4210106879.0,204857.0,True,Trustee
Thomas W. Noe,Regent,Ohio University,,,"President, Vintage Coins and Cards; Chairman, Lucas County Republican Party, 1992-95",389.0,,4210106879.0,204857.0,True,Trustee
J. Gilbert Reese,Regent,Ohio University,,"Ohio State BA, JD","Senior Partner, Reese, Pyle, Drake & Meyer",389.0,,4210106879.0,204857.0,True,Trustee
Ralph E. Schey,Regent,Ohio University,,Ohio BS; Harvard MBA,"Chairman and Chief Executive Officer, The Scott Fetzer Company",389.0,,4210106879.0,204857.0,True,Trustee
Stephen A. Perry,Regent,Ohio University,,Akron BS; Stanford MS,"Vice President, Human Resources and Logistics, The Timken Company",389.0,,4210106879.0,204857.0,True,Trustee
Kevin J. Collins,Vice Chairman,Rutgers State University Of New Jersey,,,,435.0,,102322142.0,186380.0,True,Board Vice President
Louie Crew,Faculty Representative Governor,Rutgers State University Of New Jersey,,Baylor 1958 BA; Auburn 1959 MA; Alabama 1971 PhD,"Associate Professor. Fort Valley State College, 1973-79; Associate Professor, University of Wisconsin, Stevens Point, 1979-84; Director, Writing Program, Chinese University, Hong Kong, 1984-87",435.0,,102322142.0,186380.0,True,Other Board Member
Joan L. Bildner,Governor,Rutgers State University Of New Jersey,,,,435.0,,102322142.0,186380.0,True,Trustee
Anne M. Thomas,Governor,Rutgers State University Of New Jersey,,,,435.0,,102322142.0,186380.0,True,Trustee
Mildred R. Schildkamp,Secretary,Rutgers State University Of New Jersey,,,,435.0,,102322142.0,186380.0,True,Other Board Member
Ruben Cardona,Governor,Rutgers State University Of New Jersey,,,,435.0,,102322142.0,186380.0,True,Trustee
John D. Ruvolo,Student Representative Governor,Rutgers State University Of New Jersey,,,,435.0,,102322142.0,186380.0,True,Other Board Member
Enrica Gloe Chretien,Assistant Secretary,Rutgers State University Of New Jersey,,,,435.0,,102322142.0,186380.0,True,Other Board Member
Thomas A. Renyi,Governor,Rutgers State University Of New Jersey,,,,435.0,,102322142.0,186380.0,True,Trustee
Harry W. Janes,Faculty Representative Governor,Rutgers State University Of New Jersey,,,,435.0,,102322142.0,186380.0,True,Other Board Member
"Albert R. Gamper, Jr",Governor,Rutgers State University Of New Jersey,,Rutgers BA; Harvard PMD,,435.0,,102322142.0,186380.0,True,Trustee
Francis L. Lawrence,President,Rutgers State University Of New Jersey,,Rutgers 1970 AB; Cornell 1973 JD,,435.0,,102322142.0,186380.0,True,Board President
Francis L. Lawrence,Ex Officio Governor,Rutgers State University Of New Jersey,,Rutgers 1970 AB; Cornell 1973 JD,,435.0,,102322142.0,186380.0,True,"Trustee, Ex Officio"
Richard A. Levao,Chairman,Rutgers State University Of New Jersey,,,,435.0,,102322142.0,186380.0,True,Board President
Nancy K. Lotstein,Governor,Rutgers State University Of New Jersey,,,,435.0,,102322142.0,186380.0,True,Trustee
Eugene Michael O'Hara,Governor,Rutgers State University Of New Jersey,,Rutgers 1962 BS,,435.0,,102322142.0,186380.0,True,Trustee
Dean J. Paranicas,Governor,Rutgers State University Of New Jersey,,,"Chairman, President and Chief Executive Officer, The Bank of New York, Inc48 Wall St., New York, NY 10005-2901 * Member of the Board",435.0,,102322142.0,186380.0,True,Trustee
Mildred R. Schildkamp,Assistant To The President,Rutgers State University Of New Jersey,,,,435.0,,102322142.0,186380.0,True,Board President
"Very Rev. Thomas R. Peterson, OP",Chancellor,Seton Hall University,,,,460.0,,12524447.0,186584.0,True,Board President
"Msgr. Robert T. Sheeran, STD",Trustee,Seton Hall University,,,,460.0,,12524447.0,186584.0,True,Regent
Msgr. Richard Liddy,Director,Seton Hall University,Center for Catholic Studies,,,460.0,,12524447.0,186584.0,True,Regent
A. Zachary Yamba,Trustee,Seton Hall University,,,"President, Essex County College",460.0,,12524447.0,186584.0,True,Regent
"Msgr. Robert T. Sheeran, STD",President,Seton Hall University,,,,460.0,,12524447.0,186584.0,True,Board President
Thomas Sharkey,Trustee,Seton Hall University,,,"Chairman and Chief Executive Officer, Meeker Sharkey Financial Group, Inc",460.0,,12524447.0,186584.0,True,Regent
George M. Ring,Trustee,Seton Hall University,,,"President and Chief Executive Officer, Wireless Cable International, Inc",460.0,,12524447.0,186584.0,True,Regent
"Very Rev. Thomas R. Peterson, OP",Trustee,Seton Hall University,,,,460.0,,12524447.0,186584.0,True,Regent
Most Rev. Theodore E. McCarrick,Chairman,Seton Hall University,,,Archbishop of Newark,460.0,,12524447.0,186584.0,True,Board President
Kent Manahan,Trustee,Seton Hall University,,,"Senior Anchor, New Jersey Network",460.0,,12524447.0,186584.0,True,Regent
Msgr. Richard Liddy,Trustee,Seton Hall University,Center for Catholic Studies,,,460.0,,12524447.0,186584.0,True,Regent
Joseph P. LaSala,Trustee,Seton Hall University,,,"Partner, McElroy, Deutsch & Mulvaney",460.0,,12524447.0,186584.0,True,Regent
Msgr. John J. Gilchrist,Trustee,Seton Hall University,,,"Pastor, Holy Cross Church",460.0,,12524447.0,186584.0,True,Regent
"Msgr. John W. Flesey, STD",Dean,Seton Hall University,Immaculate Conception Seminary School Of Theology,,,460.0,,12524447.0,186584.0,True,Regent
"Msgr. John W. Flesey, STD",Rector,Seton Hall University,Immaculate Conception Seminary School Of Theology,,,460.0,,12524447.0,186584.0,True,Other Board Member
Kurt T. Borowsky,Trustee,Seton Hall University,,,"Chairman, Van Beuren Management, Inc",460.0,,12524447.0,186584.0,True,Regent
Most Rev. Paul G. Bootkoski,Trustee,Seton Hall University,,,"Vicar General and Moderator of the Curia, Archdiocese of Newark",460.0,,12524447.0,186584.0,True,Regent
"Frank E. Walsh, Jr",Trustee,Seton Hall University,,,"Chairman, Sandy Hill Foundation",460.0,,12524447.0,186584.0,True,Regent
Vacant,Student Member,Tennessee State University,,,,506.0,,75256744.0,221838.0,True,Other Board Member
"A. C. Wharton, Jr",Chairman,Tennessee State University,,,"Chief Public Defender, County of Shelby, Tennessee",506.0,,75256744.0,221838.0,True,Board President
The Hon. Steve Adams,Member,Tennessee State University,,Austin Pay State 1973 BS,"Treasurer, State of Tennessee",506.0,,75256744.0,221838.0,True,Regent
The Hon. Riley C. Darnell,Member,Tennessee State University,,Austin Pay State 1962 BS; Vanderbilt 1965 JD,"Secretary, State of Tennessee",506.0,,75256744.0,221838.0,True,Regent
Tony Scott England,Member,Tennessee State University,,,,506.0,,75256744.0,221838.0,True,Regent
William Ransom Jones,Member,Tennessee State University,,,,506.0,,75256744.0,221838.0,True,Regent
Dale Kelley,Member,Tennessee State University,,,,506.0,,75256744.0,221838.0,True,Regent
Lisa Verble,Member,Tennessee State University,,,,506.0,,75256744.0,221838.0,True,Regent
Joe Lancaster,Member,Tennessee State University,,,,506.0,,75256744.0,221838.0,True,Regent
Wanda McMahan,Vice Chairperson,Tennessee State University,,,,506.0,,75256744.0,221838.0,True,Board Vice President
Brad Windley,Member,Tennessee State University,,,,506.0,,75256744.0,221838.0,True,Regent
June Scobee Rodgers,Member,Tennessee State University,,,,506.0,,75256744.0,221838.0,True,Regent
J. V. Sailors,Ex Officio Member,Tennessee State University,,,"Executive Director, State Board of Education",506.0,,75256744.0,221838.0,True,"Regent, Ex Officio"
John Morgan,Member,Tennessee State University,,Austin Pay State 1974 BS,"Comptroller, State of Tennessee",506.0,,75256744.0,221838.0,True,Regent
Debby Patterson Koch,Secretary,Tennessee State University,,,,506.0,,75256744.0,221838.0,True,Other Board Member
June Scobee Rodgers,Member,Tennessee Technological University,,,,508.0,,63920570.0,221847.0,True,Regent
"A. C. Wharton, Jr",Chairman,Tennessee Technological University,,,"Chief Public Defender, County of Shelby, Tennessee",508.0,,63920570.0,221847.0,True,Board President
Joe Lancaster,Member,Tennessee Technological University,,,,508.0,,63920570.0,221847.0,True,Regent
Wanda McMahan,Vice Chairperson,Tennessee Technological University,,,,508.0,,63920570.0,221847.0,True,Board Vice President
John Morgan,Member,Tennessee Technological University,,Austin Pea State 1974 BS,"Comptroller, State of Tennessee",508.0,,63920570.0,221847.0,True,Regent
William Ransom Jones,Member,Tennessee Technological University,,,,508.0,,63920570.0,221847.0,True,Regent
J. V. Sailors,Ex Officio Member,Tennessee Technological University,,,"Executive Director, State Board of Education",508.0,,63920570.0,221847.0,True,"Regent, Ex Officio"
Brad Windley,Member,Tennessee Technological University,,,,508.0,,63920570.0,221847.0,True,Regent
The Hon. Riley C. Darnell,Member,Tennessee Technological University,,Austin Pay State 1962 BS; Vanderbilt 1965 JD,"Secretary, State of Tennessee",508.0,,63920570.0,221847.0,True,Regent
Vacant,Student Member,Tennessee Technological University,,,,508.0,,63920570.0,221847.0,True,Other Board Member
Tony Scott England,Member,Tennessee Technological University,,,,508.0,,63920570.0,221847.0,True,Regent
Dale Kelley,Member,Tennessee Technological University,,,,508.0,,63920570.0,221847.0,True,Regent
The Hon. Steve Adams,Treasurer,Tennessee Technological University,,Austin Pay State 1973 BS,"Treasurer, State of Tennessee",508.0,,63920570.0,221847.0,True,Other Board Member
Debby Patterson Koch,Secretary,Tennessee Technological University,,,,508.0,,63920570.0,221847.0,True,Other Board Member
Lisa Verble,Member,Tennessee Technological University,,,,508.0,,63920570.0,221847.0,True,Regent
John A. Fink,Trustee,University Of Akron,,,,533.0,,110152177.0,200800.0,True,Regent
Alex Arshinkoff,Chairman,University Of Akron,,,,533.0,,110152177.0,200800.0,True,Board President
Donald E. Demkee,Trustee,University Of Akron,,,Member of the Board,533.0,,110152177.0,200800.0,True,Regent
Raymond D. Meyo,Trustee,University Of Akron,,,,533.0,,110152177.0,200800.0,True,Regent
Mark N. Apte,Trustee,University Of Akron,,,Member of the Board,533.0,,110152177.0,200800.0,True,Regent
Patricia L. Graves,Trustee,University Of Akron,,,,533.0,,110152177.0,200800.0,True,Regent
Michael L. Gonidakis,Student Trustee,University Of Akron,,,,533.0,,110152177.0,200800.0,True,Other Board Member
Howard L. Flood,Co-Chairman,University Of Akron,,,,533.0,,110152177.0,200800.0,True,Board President
Clifford J. Isroff,Trustee,University Of Akron,,,,533.0,,110152177.0,200800.0,True,Regent
"Tahlman Krumm, Jr",Chairman,University Of Cincinnati,,South Florida BA; Ohio State PhD,"Founder and Chairman, Inquest LLC",554.0,,63135867.0,201885.0,True,Board President
Gerald H. Gordon,Secretary,University Of Cincinnati,,"Cleveland State BA, MA","President and Chief Operating Officer, Sun Media Corporation",554.0,,63135867.0,201885.0,True,Other Board Member
Elizabeth K. Lanier,Regent,University Of Cincinnati,,Smith BA; Columbia JD,"Vice President and General Counsel, GE Power Systems",554.0,,63135867.0,201885.0,True,Trustee
Stephen A. Perry,Regent,University Of Cincinnati,,Akron BS; Stanford MS,"Vice President, Human Resources and Logistics, The Timken Company; Chairman, Timken Mercy Medical Center; Chairman, Stark County District Library Board",554.0,,63135867.0,201885.0,True,Trustee
J. Gilbert Reese,Regent,University Of Cincinnati,,"Ohio State BA, JD","Senior Partner, Reese, Pyle, Drake and Mever",555.0,,63135867.0,201885.0,True,Trustee
Gerald M. Miller,Regent,University Of Cincinnati,,Dayton BA,"Chairman and Managing Partner, Miller-Valentine Group",554.0,,63135867.0,201885.0,True,Trustee
Jeanette G. Grasselli Brown,Vice Chairperson,University Of Cincinnati,,Ohio BS; Case Western MS,,554.0,,63135867.0,201885.0,True,Board Vice President
Robert A. Gardner,Ex Officio Regent,University Of Cincinnati,,Bowling Green State BA,"Member, Ohio Senate",554.0,,63135867.0,201885.0,True,"Trustee, Ex Officio"
Ralph E. Schey,Regent,University Of Cincinnati,,Ohio BS; Harvard MBA,Chairman and Chief Executive Officer The Scott Fetzer Company,555.0,,63135867.0,201885.0,True,Trustee
Thomas W. Noe,Regent,University Of Cincinnati,,,"President, Vintage Coins and Cards; Chairman, Lucas County Republican Party, 1992-95",554.0,,63135867.0,201885.0,True,Trustee
Joe Lancaster,Member,University of Memphis,,,,590.0,,94658018.0,220862.0,True,Regent
Lisa Verble,Member,University of Memphis,,,,590.0,,94658018.0,220862.0,True,Regent
J. V. Sailors,Ex Officio Member,University of Memphis,,,"Executive Director, State Board of Education",590.0,,94658018.0,220862.0,True,"Regent, Ex Officio"
June Scobee Rodgers,Member,University of Memphis,,,,590.0,,94658018.0,220862.0,True,Regent
John Morgan,Member,University of Memphis,,Austin Peay State 1974 BS,"Comptroller, State of Tennessee",590.0,,94658018.0,220862.0,True,Regent
Wanda McMahan,Vice Chairperson,University of Memphis,,,,590.0,,94658018.0,220862.0,True,Board Vice President
The Hon. Riley C. Darnell,Member,University of Memphis,,Austin Pay State 1962 BS; Vanderbilt 1965 JD,"Secretary, State of Tennessee",590.0,,94658018.0,220862.0,True,Regent
Debby Patterson Koch,Secretary,University of Memphis,,,,590.0,,94658018.0,220862.0,True,Other Board Member
William Ransom Jones,Member,University of Memphis,,,,590.0,,94658018.0,220862.0,True,Regent
The Hon. Steve Adams,Member,University of Memphis,,Austin Pay State 1973 BS,"Treasurer, State of Tennessee",590.0,,94658018.0,220862.0,True,Regent
Brad Windley,Member,University of Memphis,,,Student Member,590.0,,94658018.0,220862.0,True,Regent
"A. C. Wharton, Jr",Chairman,University of Memphis,,,"Chief Public Defender, County of Shelby, Tennessee",590.0,,94658018.0,220862.0,True,Board President
Tony Scott England,Member,University of Memphis,,,,590.0,,94658018.0,220862.0,True,Regent
Dale Kelley,Member,University of Memphis,,,,590.0,,94658018.0,220862.0,True,Regent
Elizabeth K. Lanier,Regent,University Of Toledo,,Smith BA; Columbia JD,"Vice President and General Counsel, GE Power Systems",659.0,,90871651.0,206084.0,True,Trustee
Ralph E. Schey,Regent,University Of Toledo,,Ohio BS; Harvard MBA,"Chairman and Chief Executive Officer, The Scott Fetzer Company",659.0,,90871651.0,206084.0,True,Trustee
J. Gilbert Reese,Regent,University Of Toledo,,"Ohio State BA, JD","Senior Partner, Reese, Pyle, Drake and Meyer",659.0,,90871651.0,206084.0,True,Trustee
Stephen A. Perry,Regent,University Of Toledo,,Akron BS; Stanford MS,"Vice President, Human Resources and Logistics, The Timken Company",659.0,,90871651.0,206084.0,True,Trustee
Thomas W. Noe,Regent,University Of Toledo,,,"President, Vintage Coins and Cards",659.0,,90871651.0,206084.0,True,Trustee
Jeanette G. Grasselli Brown,Vice Chairperson,University Of Toledo,,Ohio BS; Case Western MS,Chairperson of the Board of Trustees,659.0,,90871651.0,206084.0,True,Board Vice President
Robert A. Gardner,Ex Officio Regent,University Of Toledo,,Bowling Green State BA,"Member, Ohio Senate",659.0,,90871651.0,206084.0,True,"Trustee, Ex Officio"
Gerald H. Gordon,Secretary,University Of Toledo,,"Cleveland State BA, MA","President and Chief Operating Officer, Sun Media Corporation",659.0,,90871651.0,206084.0,True,Other Board Member
"Tahlman Krumm, Jr",Chairman,University Of Toledo,,South Florida BA; Ohio State PhD,"Founder and Chairman, Inquesta LLC",659.0,,90871651.0,206084.0,True,Board President
Gerald M. Miller,Regent,University Of Toledo,,Dayton BA,"Chairman and Managing Partner, Miller-Valentine Group",659.0,,90871651.0,206084.0,True,Trustee
"Herschel L. Abbott, Jr",Regent,University of Louisiana,,,,581.0,,79516672.0,,True,Member
Harold Callais,Regent,University of Louisiana,,,,581.0,,79516672.0,,True,Member
"Herschel L. Abbott, Jr",Regent,University of Louisiana,,,,581.0,,79516672.0,,True,Member
"Virgil Robinson, Jr",Regent,University of Louisiana,,,,581.0,,79516672.0,,True,Member
Scott Brame,Regent,University of Louisiana,,,,581.0,,79516672.0,,True,Member
"Herschel L. Abbott, Jr",Regent,University of Louisiana,,,,581.0,,79516672.0,,True,Member
Roland M. Toups,Regent,University of Louisiana,,,,582.0,,79516672.0,,True,Member
Norbert A. Simmons,Regent,University of Louisiana,,,,581.0,,79516672.0,,True,Member
Mary Ella Sanders,Chairperson,University of Louisiana,,,,581.0,,79516672.0,,True,Board President
William T. Roberts,Secretary,University of Louisiana,,,,581.0,,79516672.0,,True,Other Board Member
Richard E. D'Aquin,Vice Chairman,University of Louisiana,,,,581.0,,79516672.0,,True,Board Vice President
Melvin Rambin,Regent,University of Louisiana,,,,581.0,,79516672.0,,True,Member
Frances T. Henry,Regent,University of Louisiana,,,,581.0,,79516672.0,,True,Member
Pat A. Strong,Regent,University of Louisiana,,,,582.0,,79516672.0,,True,Member
Harold Callais,Regent,University of Louisiana,,,,581.0,,79516672.0,,True,Member
Roland M. Toups,Regent,University of Louisiana,,,,582.0,,79516672.0,,True,Member
Michael K. Dees,Regent,University of Louisiana,,,,581.0,,79516672.0,,True,Member
Reggie Dupre,Regent,University of Louisiana,,,,581.0,,79516672.0,,True,Member
Ryan GattiStudent,Regent,University of Louisiana,,,,581.0,,79516672.0,,True,Member
John D. Georges,Regent,University of Louisiana,,,,581.0,,79516672.0,,True,Member
Scott Brame,Regent,University of Louisiana,,,,581.0,,79516672.0,,True,Member
Frances T. Henry,Regent,University of Louisiana,,,,581.0,,79516672.0,,True,Member
William T. Roberts,Secretary,University of Louisiana,,,,581.0,,79516672.0,,True,Other Board Member
"Virgil Robinson, Jr",Regent,University of Louisiana,,,,581.0,,79516672.0,,True,Member
Mary Ella Sanders,Chairperson,University of Louisiana,,,,581.0,,79516672.0,,True,Board President
Norbert A. Simmons,Regent,University of Louisiana,,,,581.0,,79516672.0,,True,Member
Pat A. Strong,Regent,University of Louisiana,,,,582.0,,79516672.0,,True,Member
John D. Georges,Regent,University of Louisiana,,,,581.0,,79516672.0,,True,Member
Melvin Rambin,Regent,University of Louisiana,,,,581.0,,79516672.0,,True,Member
"Herschel L. Abbott, Jr",Regent,University of Louisiana,,,,581.0,,79516672.0,,True,Member
Richard E. D'Aquin,Vice Chairman,University of Louisiana,,,,581.0,,79516672.0,,True,Board Vice President
Ryan GattiStudent,Regent,University of Louisiana,,,,581.0,,79516672.0,,True,Member
Roland M. Toups,Regent,University of Louisiana,,,,582.0,,79516672.0,,True,Member
Michael K. Dees,Regent,University of Louisiana,,,,581.0,,79516672.0,,True,Member
John D. Georges,Regent,University of Louisiana,,,,581.0,,79516672.0,,True,Member
Melvin Rambin,Regent,University of Louisiana,,,,581.0,,79516672.0,,True,Member
William T. Roberts,Secretary,University of Louisiana,,,,581.0,,79516672.0,,True,Other Board Member
"Virgil Robinson, Jr",Regent,University of Louisiana,,,,581.0,,79516672.0,,True,Member
Mary Ella Sanders,Chairperson,University of Louisiana,,,,581.0,,79516672.0,,True,Board President
Norbert A. Simmons,Regent,University of Louisiana,,,,581.0,,79516672.0,,True,Member
Pat A. Strong,Regent,University of Louisiana,,,,582.0,,79516672.0,,True,Member
Frances T. Henry,Regent,University of Louisiana,,,,581.0,,79516672.0,,True,Member
Reggie Dupre,Regent,University of Louisiana,,,,581.0,,79516672.0,,True,Member
Harold Callais,Regent,University of Louisiana,,,,581.0,,79516672.0,,True,Member
Reggie Dupre,Regent,University of Louisiana,,,,581.0,,79516672.0,,True,Member
Harold Callais,Regent,University of Louisiana,,,,581.0,,79516672.0,,True,Member
Richard E. D'Aquin,Vice Chairman,University of Louisiana,,,,581.0,,79516672.0,,True,Board Vice President
Michael K. Dees,Regent,University of Louisiana,,,,581.0,,79516672.0,,True,Member
Reggie Dupre,Regent,University of Louisiana,,,,581.0,,79516672.0,,True,Member
Richard E. D'Aquin,Vice Chairman,University of Louisiana,,,,581.0,,79516672.0,,True,Board Vice President
Roland M. Toups,Regent,University of Louisiana,,,,582.0,,79516672.0,,True,Member
Ryan GattiStudent,Regent,University of Louisiana,,,,581.0,,79516672.0,,True,Member
Scott Brame,Regent,University of Louisiana,,,,581.0,,79516672.0,,True,Member
Scott Brame,Regent,University of Louisiana,,,,581.0,,79516672.0,,True,Member
Michael K. Dees,Regent,University of Louisiana,,,,581.0,,79516672.0,,True,Member
John D. Georges,Regent,University of Louisiana,,,,581.0,,79516672.0,,True,Member
Frances T. Henry,Regent,University of Louisiana,,,,581.0,,79516672.0,,True,Member
Ryan GattiStudent,Regent,University of Louisiana,,,,581.0,,79516672.0,,True,Member
William T. Roberts,Secretary,University of Louisiana,,,,581.0,,79516672.0,,True,Other Board Member
"Virgil Robinson, Jr",Regent,University of Louisiana,,,,581.0,,79516672.0,,True,Member
Mary Ella Sanders,Chairperson,University of Louisiana,,,,581.0,,79516672.0,,True,Board President
Norbert A. Simmons,Regent,University of Louisiana,,,,581.0,,79516672.0,,True,Member
Pat A. Strong,Regent,University of Louisiana,,,,582.0,,79516672.0,,True,Member
Melvin Rambin,Regent,University of Louisiana,,,,581.0,,79516672.0,,True,Member
Wanda McMahan,Vice Chairperson,University of Tennessee Health Science Center,,,,648.0,,160606119.0,,True,Board Vice President
The Hon. Riley C. Darnell,Member,University of Tennessee Health Science Center,,Austin Pay State 1962 BS; Vanderbilt 1965 JD,"Secretary, State of Tennessee",648.0,,160606119.0,,True,Trustee
June Scobee Rodgers,Member,University of Tennessee Health Science Center,,,,648.0,,160606119.0,,True,Trustee
The Hon. Steve Adams,Member,University of Tennessee Health Science Center,,Austin Pay State 1973 BS,"Treasurer, State of Tennessee",648.0,,160606119.0,,True,Trustee
Dale Kelley,Member,University of Tennessee Health Science Center,,,,648.0,,160606119.0,,True,Trustee
Joe Lancaster,Member,University of Tennessee Health Science Center,,,,648.0,,160606119.0,,True,Trustee
Vacant,Student Member,University of Tennessee Health Science Center,,,,648.0,,160606119.0,,True,Other Board Member
June Scobee Rodgers,Member,University of Tennessee Health Science Center,,,,648.0,,160606119.0,,True,Trustee
J. V. Sailors,Ex Officio Member,University of Tennessee Health Science Center,,,"Executive Director, State Board of Education",648.0,,160606119.0,,True,"Trustee, Ex Officio"
Lisa Verble,Member,University of Tennessee Health Science Center,,,,648.0,,160606119.0,,True,Trustee
"A. C. Wharton, Jr",Chairman,University of Tennessee Health Science Center,,,"Chief Public Defender, County of Shelby, Tennessee",648.0,,160606119.0,,True,Board President
Brad Windley,Member,University of Tennessee Health Science Center,,,,648.0,,160606119.0,,True,Trustee
Tony Scott England,Member,University of Tennessee Health Science Center,,,,648.0,,160606119.0,,True,Trustee
John Morgan,Member,University of Tennessee Health Science Center,,Austin Pay State 1974 BS,"Comptroller, State of Tennessee",648.0,,160606119.0,,True,Trustee
Dale Kelley,Member,University of Tennessee Health Science Center,,,,648.0,,160606119.0,,True,Trustee
"A. C. Wharton, Jr",Chairman,University of Tennessee Health Science Center,,,"Chief Public Defender, County of Shelby, Tennessee",648.0,,160606119.0,,True,Board President
Joe Lancaster,Member,University of Tennessee Health Science Center,,,,648.0,,160606119.0,,True,Trustee
Debby Patterson Koch,Secretary,University of Tennessee Health Science Center,,,,648.0,,160606119.0,,True,Other Board Member
Debby Patterson Koch,Secretary,University of Tennessee Health Science Center,,,,648.0,,160606119.0,,True,Other Board Member
William Ransom Jones,Member,University of Tennessee Health Science Center,,,,648.0,,160606119.0,,True,Trustee
The Hon. Riley C. Darnell,Member,University of Tennessee Health Science Center,,Austin Pay State 1962 BS; Vanderbilt 1965 JD,"Secretary, State of Tennessee",648.0,,160606119.0,,True,Trustee
The Hon. Steve Adams,Member,University of Tennessee Health Science Center,,Austin Pay State 1973 BS,"Treasurer, State of Tennessee",648.0,,160606119.0,,True,Trustee
Vacant,Student Member,University of Tennessee Health Science Center,,,,648.0,,160606119.0,,True,Other Board Member
Tony Scott England,Member,University of Tennessee Health Science Center,,,,648.0,,160606119.0,,True,Trustee
Lisa Verble,Member,University of Tennessee Health Science Center,,,,648.0,,160606119.0,,True,Trustee
William Ransom Jones,Member,University of Tennessee Health Science Center,,,,648.0,,160606119.0,,True,Trustee
J. V. Sailors,Ex Officio Member,University of Tennessee Health Science Center,,,"Executive Director, State Board of Education",648.0,,160606119.0,,True,"Trustee, Ex Officio"
John Morgan,Member,University of Tennessee Health Science Center,,Austin Pay State 1974 BS,"Comptroller, State of Tennessee",648.0,,160606119.0,,True,Trustee
Wanda McMahan,Vice Chairperson,University of Tennessee Health Science Center,,,,648.0,,160606119.0,,True,Board Vice President
Brad Windley,Member,University of Tennessee Health Science Center,,,,648.0,,160606119.0,,True,Trustee
J. V. Sailors,Ex Officio Member,University of Tennessee at Knoxville,,,"Executive Director, State Board of Education",648.0,,75027704.0,,True,"Trustee, Ex Officio"
Brad Windley,Member,University of Tennessee at Knoxville,,,,648.0,,75027704.0,,True,Trustee
Vacant,Student Member,University of Tennessee at Knoxville,,,,648.0,,75027704.0,,True,Other Board Member
William Ransom Jones,Member,University of Tennessee at Knoxville,,,,648.0,,75027704.0,,True,Trustee
"A. C. Wharton, Jr",Chairman,University of Tennessee at Knoxville,,,"Chief Public Defender, County of Shelby, Tennessee",648.0,,75027704.0,,True,Board President
Debby Patterson Koch,Secretary,University of Tennessee at Knoxville,,,,648.0,,75027704.0,,True,Other Board Member
June Scobee Rodgers,Member,University of Tennessee at Knoxville,,,,648.0,,75027704.0,,True,Trustee
Lisa Verble,Member,University of Tennessee at Knoxville,,,,648.0,,75027704.0,,True,Trustee
Joe Lancaster,Member,University of Tennessee at Knoxville,,,,648.0,,75027704.0,,True,Trustee
John Morgan,Member,University of Tennessee at Knoxville,,Austin Pay State 1974 BS,"Comptroller, State of Tennessee",648.0,,75027704.0,,True,Trustee
Dale Kelley,Member,University of Tennessee at Knoxville,,,,648.0,,75027704.0,,True,Trustee
Tony Scott England,Member,University of Tennessee at Knoxville,,,,648.0,,75027704.0,,True,Trustee
The Hon. Riley C. Darnell,Member,University of Tennessee at Knoxville,,Austin Pay State 1962 BS; Vanderbilt 1965 JD,"Secretary, State of Tennessee",648.0,,75027704.0,,True,Trustee
The Hon. Steve Adams,Member,University of Tennessee at Knoxville,,Austin Pay State 1973 BS,"Treasurer, State of Tennessee",648.0,,75027704.0,,True,Trustee
Wanda McMahan,Vice Chairperson,University of Tennessee at Knoxville,,,,648.0,,75027704.0,,True,Board Vice President
Stephen D. Solender,Governor,Yeshiva University,Wurzweiler School of Social Work,,,733.0,,19772626.0,197708.0,True,Overseer
Lilly Tempelsman,Governor,Yeshiva University,Wurzweiler School of Social Work,,,733.0,,19772626.0,197708.0,True,Overseer
Roselyn Weitzner,Secretary,Yeshiva University,Wurzweiler School of Social Work,,,733.0,,19772626.0,197708.0,True,Other Board Member
Ira Yavarkovsky,Governor,Yeshiva University,Wurzweiler School of Social Work,,,733.0,,19772626.0,197708.0,True,Overseer
Chal mar,Governor,Yeshiva University,Wurzweiler School of Social Work,,,733.0,,19772626.0,197708.0,True,Overseer
Dan Davis,Governor,Yeshiva University,Wurzweiler School of Social Work,,,733.0,,19772626.0,197708.0,True,Overseer
Joel Daner,Governor,Yeshiva University,Wurzweiler School of Social Work,,,733.0,,19772626.0,197708.0,True,Overseer
Froma Benerofe,Governor,Yeshiva University,Wurzweiler School of Social Work,,,733.0,,19772626.0,197708.0,True,Overseer
Joseph Bartlett,Governor,Yeshiva University,Wurzweiler School of Social Work,,,733.0,,19772626.0,197708.0,True,Overseer
Herbert Barbanel,Governor,Yeshiva University,Wurzweiler School of Social Work,,,733.0,,19772626.0,197708.0,True,Overseer
Benay Lindenauer,Career Development Coordinator,Yeshiva University,Wurzweiler School of Social Work,,,733.0,,19772626.0,197708.0,True,Overseer
David A. Alpert,Governor,Yeshiva University,Wurzweiler School of Social Work,,,733.0,,19772626.0,197708.0,True,Overseer
Ruth H. Skydell,Governor,Yeshiva University,Ferkauf Graduate School of Psychology,,,733.0,,19772626.0,197708.0,True,Overseer
Samuel Skura,Governor,Yeshiva University,Ferkauf Graduate School of Psychology,,,733.0,,19772626.0,197708.0,True,Overseer
Kathie Kramer Rudy,Governor,Yeshiva University,Ferkauf Graduate School of Psychology,,,733.0,,19772626.0,197708.0,True,Overseer
Saul Kagan,Governor,Yeshiva University,Wurzweiler School of Social Work,,,733.0,,19772626.0,197708.0,True,Overseer
David Pernick,Governor,Yeshiva University,Ferkauf Graduate School of Psychology,,,733.0,,19772626.0,197708.0,True,Overseer
Aaron Parnes,Governor,Yeshiva University,Ferkauf Graduate School of Psychology,,,733.0,,19772626.0,197708.0,True,Overseer
David S. Gottesman,Governor,Yeshiva University,Wurzweiler School of Social Work,,,733.0,,19772626.0,197708.0,True,Overseer
Arthur Joseph,Governor,Yeshiva University,Wurzweiler School of Social Work,,,733.0,,19772626.0,197708.0,True,Overseer
Ronald Shear,Governor,Yeshiva University,Wurzweiler School of Social Work,,,733.0,,19772626.0,197708.0,True,Overseer
Edward Anfang,Governor,Yeshiva University,Wurzweiler School of Social Work,,,733.0,,19772626.0,197708.0,True,Overseer
Richard Segall,Governor,Yeshiva University,Wurzweiler School of Social Work,,,733.0,,19772626.0,197708.0,True,Overseer
Barbara Levine Kamen,Vice Chairperson,Yeshiva University,Ferkauf Graduate School of Psychology,,,733.0,,19772626.0,197708.0,True,Board Vice President
Philip P. Goodkin,Governor,Yeshiva University,Wurzweiler School of Social Work,,,733.0,,19772626.0,197708.0,True,Overseer
Lawrence A. Kobrin,Vice Chairman,Yeshiva University,Wurzweiler School of Social Work,,,733.0,,19772626.0,197708.0,True,Board Vice President
Phyllis Gelman Kukin,Governor,Yeshiva University,Ferkauf Graduate School of Psychology,,,733.0,,19772626.0,197708.0,True,Overseer
Leonard Marcus,Governor,Yeshiva University,Ferkauf Graduate School of Psychology,,,733.0,,19772626.0,197708.0,True,Overseer
Beth Myers,Governor,Yeshiva University,Ferkauf Graduate School of Psychology,,,733.0,,19772626.0,197708.0,True,Overseer
Norman Lamm,Governor,Yeshiva University,Wurzweiler School of Social Work,,,733.0,,19772626.0,197708.0,True,Overseer
Norman Lamm,President,Yeshiva University,Wurzweiler School of Social Work,,,733.0,,19772626.0,197708.0,True,Board President
Fredda S. Leff,Governor,Yeshiva University,Wurzweiler School of Social Work,,,733.0,,19772626.0,197708.0,True,Overseer
Irma R. Hilton,Governor,Yeshiva University,Ferkauf Graduate School of Psychology,,,733.0,,19772626.0,197708.0,True,Overseer
Martin B. Bernstein,Governor,Yeshiva University,Ferkauf Graduate School of Psychology,,,733.0,,19772626.0,197708.0,True,Overseer
David S. Gottesman,Governor,Yeshiva University,Ferkauf Graduate School of Psychology,,,733.0,,19772626.0,197708.0,True,Overseer
Robert Schwalbe,Governor,Yeshiva University,Wurzweiler School of Social Work,,,733.0,,19772626.0,197708.0,True,Overseer
Jerry Clair,Governor,Yeshiva University,Ferkauf Graduate School of Psychology,,,733.0,,19772626.0,197708.0,True,Overseer
Samson Bitensky,Chairman,Yeshiva University,Ferkauf Graduate School of Psychology,,,733.0,,19772626.0,197708.0,True,Board President
Jayne G. Beker,Governor,Yeshiva University,Ferkauf Graduate School of Psychology,,,733.0,,19772626.0,197708.0,True,Overseer
Eileen Rhulen,Governor,Yeshiva University,Wurzweiler School of Social Work,,,733.0,,19772626.0,197708.0,True,Overseer
Ira Kukin,Governor,Yeshiva University,Wurzweiler School of Social Work,,,733.0,,19772626.0,197708.0,True,Overseer
Frank S. Greenberg,Governor,Yeshiva University,Ferkauf Graduate School of Psychology,,,733.0,,19772626.0,197708.0,True,Overseer
Meri Kraidman,Governor,Yeshiva University,Wurzweiler School of Social Work,,,733.0,,19772626.0,197708.0,True,Overseer
David I. Schachne,Governor,Yeshiva University,Wurzweiler School of Social Work,,,733.0,,19772626.0,197708.0,True,Overseer
Joan Sadinoff Katz,Vice ChairPerson,Yeshiva University,Wurzweiler School of Social Work,,,733.0,,19772626.0,197708.0,True,Board Vice President
Peter RhulenIrving M. Rosenbaun,Governor,Yeshiva University,Wurzweiler School of Social Work,,,733.0,,19772626.0,197708.0,True,Overseer
David Goldman,Governor,Yeshiva University,Wurzweiler School of Social Work,,,733.0,,19772626.0,197708.0,True,Overseer
Lillian Chutick,Governor,Yeshiva University,Ferkauf Graduate School of Psychology,,,733.0,,19772626.0,197708.0,True,Overseer
Israel MillerJoan O'Donnel,Governor,Yeshiva University,Wurzweiler School of Social Work,,,733.0,,19772626.0,197708.0,True,Overseer
